CREATE DATABASE  IF NOT EXISTS `thebattersbox` /*!40100 DEFAULT CHARACTER SET utf8mb4 COLLATE utf8mb4_unicode_ci */;
USE `thebattersbox`;
-- MySQL dump 10.13  Distrib 5.7.20, for Linux (x86_64)
--
-- Host: localhost    Database: thebattersbox
-- ------------------------------------------------------
-- Server version	5.5.5-10.1.29-MariaDB

/*!40101 SET @OLD_CHARACTER_SET_CLIENT=@@CHARACTER_SET_CLIENT */;
/*!40101 SET @OLD_CHARACTER_SET_RESULTS=@@CHARACTER_SET_RESULTS */;
/*!40101 SET @OLD_COLLATION_CONNECTION=@@COLLATION_CONNECTION */;
/*!40101 SET NAMES utf8 */;
/*!40103 SET @OLD_TIME_ZONE=@@TIME_ZONE */;
/*!40103 SET TIME_ZONE='+00:00' */;
/*!40014 SET @OLD_UNIQUE_CHECKS=@@UNIQUE_CHECKS, UNIQUE_CHECKS=0 */;
/*!40014 SET @OLD_FOREIGN_KEY_CHECKS=@@FOREIGN_KEY_CHECKS, FOREIGN_KEY_CHECKS=0 */;
/*!40101 SET @OLD_SQL_MODE=@@SQL_MODE, SQL_MODE='NO_AUTO_VALUE_ON_ZERO' */;
/*!40111 SET @OLD_SQL_NOTES=@@SQL_NOTES, SQL_NOTES=0 */;

--
-- Table structure for table `batting`
--

DROP TABLE IF EXISTS `batting`;
/*!40101 SET @saved_cs_client     = @@character_set_client */;
/*!40101 SET character_set_client = utf8 */;
CREATE TABLE `batting` (
  `id` int(11) NOT NULL AUTO_INCREMENT,
  `player_id` int(11) NOT NULL,
  `hits` int(11) DEFAULT NULL,
  `at_bat` int(11) DEFAULT NULL,
  `runs` int(11) DEFAULT NULL,
  `home_runs` int(11) DEFAULT NULL,
  `walks` int(11) DEFAULT NULL,
  `runs_batted_in` int(11) DEFAULT NULL,
  `batting_average` int(11) DEFAULT NULL,
  PRIMARY KEY (`id`),
  KEY `player_id` (`player_id`),
  CONSTRAINT `batting_ibfk_1` FOREIGN KEY (`player_id`) REFERENCES `players` (`id`)
) ENGINE=InnoDB AUTO_INCREMENT=2048 DEFAULT CHARSET=utf8mb4 COLLATE=utf8mb4_unicode_ci;
/*!40101 SET character_set_client = @saved_cs_client */;

--
-- Dumping data for table `batting`
--

LOCK TABLES `batting` WRITE;
/*!40000 ALTER TABLE `batting` DISABLE KEYS */;
INSERT INTO `batting` VALUES (1,1,203,637,102,20,39,64,0),(2,2,15,49,7,0,1,4,0),(3,3,172,579,106,24,110,95,0),(4,4,42,148,21,6,16,28,0),(5,5,130,461,59,16,31,53,0),(6,6,61,220,26,2,15,13,0),(7,7,121,437,52,5,20,49,0),(8,8,144,530,72,31,31,83,0),(9,9,110,416,41,14,33,68,0),(10,10,86,329,43,3,22,30,0),(11,11,43,171,23,4,8,15,0),(12,12,130,523,81,29,64,91,0),(13,13,10,41,9,2,5,4,0),(14,14,43,180,29,9,20,27,0),(15,15,25,109,9,5,12,17,0),(16,16,62,284,26,4,15,20,0),(17,17,11,52,4,0,3,3,0),(18,18,6,31,5,2,2,7,0),(19,19,10,53,3,1,1,2,0),(20,20,2,11,1,1,0,1,0),(21,21,17,95,10,4,2,12,0),(22,22,14,90,8,3,7,7,0),(23,23,9,64,6,5,3,9,0),(24,24,4,32,4,0,0,0,0),(25,25,3,26,2,0,0,2,0),(26,26,2,18,1,0,0,0,0),(27,27,1,14,0,0,0,1,0),(28,28,3,43,2,0,0,4,0),(29,29,0,1,0,0,0,0,0),(30,30,0,1,0,0,0,0,0),(31,31,0,2,0,0,0,0,0),(32,32,0,2,0,0,0,0,0),(33,33,0,2,0,0,0,0,0),(34,34,0,9,0,0,2,0,0),(35,35,0,3,0,0,1,0,0),(36,36,0,2,0,0,0,0,0),(37,37,0,0,0,0,0,0,0),(38,38,0,0,0,0,0,0,0),(39,39,0,0,0,0,0,0,0),(40,40,0,0,0,0,0,0,0),(41,41,0,0,0,0,0,0,0),(42,42,0,0,0,0,0,0,0),(43,43,0,0,0,0,0,0,0),(44,44,0,0,0,0,0,0,0),(45,45,0,0,0,0,0,0,0),(46,46,0,0,0,0,0,0,0),(47,47,0,0,0,0,0,0,0),(48,48,0,0,0,0,0,0,0),(49,49,0,0,0,0,0,0,0),(50,50,0,0,0,0,0,0,0),(51,51,39,129,20,3,13,17,0),(52,52,178,589,102,34,89,91,0),(53,53,152,522,85,3,45,29,0),(54,54,2,7,1,0,0,2,0),(55,55,60,214,35,12,20,39,0),(56,56,25,90,6,2,16,15,0),(57,57,145,532,65,14,24,65,0),(58,58,76,281,27,8,29,41,0),(59,59,161,599,67,13,71,89,0),(60,60,89,350,45,7,52,29,0),(61,61,2,8,0,0,0,1,0),(62,62,64,257,29,7,16,33,0),(63,63,57,233,24,1,23,21,0),(64,64,81,335,27,2,20,26,0),(65,65,11,46,8,4,1,9,0),(66,66,45,189,28,3,20,22,0),(67,67,9,38,6,1,4,3,0),(68,68,54,247,15,2,6,23,0),(69,69,52,240,25,5,26,30,0),(70,70,26,121,8,1,10,10,0),(71,71,8,38,6,0,3,3,0),(72,72,4,19,2,0,1,2,0),(73,73,6,29,3,0,0,1,0),(74,74,10,49,1,0,1,2,0),(75,75,26,130,8,0,7,7,0),(76,76,2,10,0,0,0,0,0),(77,77,3,16,0,0,0,1,0),(78,78,2,12,1,0,3,0,0),(79,79,2,13,0,0,0,1,0),(80,80,7,46,2,0,1,2,0),(81,81,5,36,3,0,1,1,0),(82,82,1,21,0,0,0,0,0),(83,83,0,6,0,0,0,0,0),(84,84,0,7,0,0,0,0,0),(85,85,0,8,0,0,0,0,0),(86,86,0,4,0,0,0,0,0),(87,87,0,13,0,0,0,0,0),(88,88,0,1,0,0,0,0,0),(89,89,0,2,0,0,0,0,0),(90,90,0,1,0,0,0,0,0),(91,91,0,17,0,0,0,0,0),(92,92,0,3,0,0,0,0,0),(93,93,0,6,0,0,0,0,0),(94,94,0,0,0,0,0,0,0),(95,95,0,0,0,0,0,0,0),(96,96,0,0,0,0,0,0,0),(97,97,0,0,0,0,0,0,0),(98,98,0,0,0,0,0,0,0),(99,99,0,0,0,0,0,0,0),(100,100,0,0,0,0,0,0,0),(101,101,0,0,0,0,0,0,0),(102,102,0,0,0,0,0,0,0),(103,103,0,0,0,0,0,0,0),(104,104,0,0,0,0,0,0,0),(105,105,0,0,0,0,0,0,0),(106,106,0,0,0,0,0,0,0),(107,107,0,0,0,0,0,0,0),(108,108,0,0,0,0,0,0,0),(109,109,0,0,0,0,0,0,0),(110,110,0,0,0,0,0,0,0),(111,111,2,4,1,0,1,0,1),(112,112,5,14,3,3,0,5,0),(113,113,1,3,0,0,1,0,0),(114,114,4,13,1,0,0,0,0),(115,115,92,305,36,6,36,22,0),(116,116,188,640,105,37,48,96,0),(117,117,13,46,5,2,6,8,0),(118,118,109,405,43,9,26,48,0),(119,119,69,257,32,5,18,19,0),(120,120,164,615,82,25,21,82,0),(121,121,164,619,86,29,39,83,0),(122,122,157,613,94,47,51,108,0),(123,123,1,4,0,0,0,0,0),(124,124,84,337,43,22,37,49,0),(125,125,103,423,48,17,32,66,0),(126,126,45,203,25,6,22,15,0),(127,127,125,566,99,38,88,84,0),(128,128,13,60,9,3,8,6,0),(129,129,34,157,16,3,17,15,0),(130,130,8,40,5,1,2,3,0),(131,131,6,31,3,0,3,0,0),(132,132,23,132,7,0,7,0,0),(133,133,3,22,1,0,4,1,0),(134,134,0,3,0,0,0,0,0),(135,135,0,1,0,0,0,0,0),(136,136,0,2,0,0,1,0,0),(137,137,0,2,0,0,0,0,0),(138,138,0,1,0,0,0,0,0),(139,139,0,4,0,0,0,0,0),(140,140,0,2,0,0,0,0,0),(141,141,0,0,0,0,0,0,0),(142,142,0,0,0,0,0,0,0),(143,143,0,0,0,0,0,0,0),(144,144,0,0,0,0,0,0,0),(145,145,0,0,0,0,0,0,0),(146,146,0,0,0,0,0,0,0),(147,147,0,0,0,0,0,0,0),(148,148,0,0,0,0,0,0,0),(149,149,0,0,0,0,0,0,0),(150,150,0,0,0,0,0,0,0),(151,151,214,672,122,31,49,113,0),(152,152,201,633,105,15,61,74,0),(153,153,169,537,79,38,80,127,0),(154,154,78,252,36,7,23,35,0),(155,155,31,105,16,2,10,14,0),(156,156,192,652,115,21,58,89,0),(157,157,15,51,11,1,5,5,0),(158,158,157,549,81,30,60,111,0),(159,159,17,61,8,1,3,7,0),(160,160,56,203,29,9,21,24,0),(161,161,149,558,94,26,63,87,0),(162,162,13,49,9,0,6,3,0),(163,163,16,62,9,0,11,5,0),(164,164,74,290,45,7,27,34,0),(165,165,2,8,4,0,0,0,0),(166,166,116,480,63,16,43,71,0),(167,167,39,172,21,1,10,12,0),(168,168,27,124,14,2,11,9,0),(169,169,7,33,3,0,2,1,0),(170,170,4,19,3,0,1,1,0),(171,171,1,5,0,0,0,0,0),(172,172,18,105,9,1,7,14,0),(173,173,1,6,1,0,1,0,0),(174,174,1,12,0,0,2,0,0),(175,175,0,2,0,0,1,0,0),(176,176,0,5,1,0,1,0,0),(177,177,0,1,0,0,0,0,0),(178,178,0,2,0,0,0,0,0),(179,179,0,10,0,0,1,0,0),(180,180,0,2,0,0,0,0,0),(181,181,0,6,0,0,1,0,0),(182,182,0,4,0,0,0,0,0),(183,183,0,0,0,0,0,0,0),(184,184,0,0,0,0,0,0,0),(185,185,0,0,0,0,0,0,0),(186,186,0,0,0,0,0,0,0),(187,187,0,0,0,0,0,0,0),(188,188,0,0,0,0,0,0,0),(189,189,0,0,0,0,0,0,0),(190,190,0,0,0,0,0,0,0),(191,191,0,0,0,0,0,0,0),(192,192,0,0,0,0,0,0,0),(193,193,0,0,0,0,0,0,0),(194,194,7,21,3,0,4,1,0),(195,195,176,603,121,39,75,102,0),(196,196,170,583,94,32,74,109,0),(197,197,2,7,1,0,1,2,0),(198,198,71,252,33,12,26,35,0),(199,199,31,112,14,3,5,14,0),(200,200,126,456,84,13,79,48,0),(201,201,115,421,50,14,15,59,0),(202,202,142,523,94,18,96,76,0),(203,203,40,148,17,2,18,11,0),(204,204,17,65,7,2,4,7,0),(205,205,48,185,30,5,13,24,0),(206,206,26,103,21,1,22,16,0),(207,207,16,65,6,0,1,7,0),(208,208,125,525,67,21,55,95,0),(209,209,54,227,37,12,31,31,0),(210,210,122,530,61,7,54,49,0),(211,211,38,166,24,10,30,32,0),(212,212,52,241,33,8,38,33,0),(213,213,6,31,3,0,1,3,0),(214,214,2,11,0,0,1,1,0),(215,215,8,58,1,0,1,2,0),(216,216,1,8,1,0,1,1,0),(217,217,6,59,3,0,6,6,0),(218,218,6,63,1,0,2,2,0),(219,219,1,11,0,0,2,0,0),(220,220,1,11,2,0,0,1,0),(221,221,0,1,0,0,0,0,0),(222,222,0,1,0,0,0,0,0),(223,223,0,2,0,0,0,0,0),(224,224,0,1,0,0,0,0,0),(225,225,0,1,0,0,0,0,0),(226,226,0,1,0,0,0,0,0),(227,227,0,4,0,0,1,0,0),(228,228,0,1,0,0,0,0,0),(229,229,0,3,0,0,0,0,0),(230,230,0,3,0,0,0,0,0),(231,231,0,0,0,0,0,0,0),(232,232,0,0,0,0,0,0,0),(233,233,0,0,0,0,0,0,0),(234,234,0,0,0,0,0,0,0),(235,235,0,0,0,0,0,0,0),(236,236,0,0,0,0,0,0,0),(237,237,0,0,0,0,0,0,0),(238,238,0,0,0,0,0,0,0),(239,239,1,1,1,0,0,0,1),(240,240,1,2,1,0,0,1,1),(241,241,1,2,0,0,0,0,1),(242,242,1,3,1,1,0,1,0),(243,243,175,591,70,14,47,86,0),(244,244,183,624,67,25,47,100,0),(245,245,176,619,91,14,63,59,0),(246,246,116,410,57,9,13,30,0),(247,247,84,298,33,8,13,38,0),(248,248,27,101,13,1,14,10,0),(249,249,53,203,16,6,12,25,0),(250,250,46,181,24,0,17,18,0),(251,251,1,4,0,0,0,0,0),(252,252,87,351,35,12,30,36,0),(253,253,101,413,59,12,34,51,0),(254,254,13,55,2,1,3,7,0),(255,255,11,48,6,1,1,5,0),(256,256,133,590,89,40,64,98,0),(257,257,33,149,25,2,16,8,0),(258,258,36,169,19,7,38,11,0),(259,259,57,271,25,6,20,32,0),(260,260,32,154,15,4,5,21,0),(261,261,46,224,27,4,12,14,0),(262,262,10,50,8,1,5,4,0),(263,263,1,6,0,0,0,0,0),(264,264,1,7,0,0,1,1,0),(265,265,2,16,2,0,0,0,0),(266,266,0,1,0,0,0,0,0),(267,267,0,2,0,0,0,0,0),(268,268,0,2,0,0,0,0,0),(269,269,0,3,0,0,0,0,0),(270,270,0,0,0,0,0,0,0),(271,271,0,0,0,0,0,0,0),(272,272,0,0,0,0,0,0,0),(273,273,0,0,0,0,0,0,0),(274,274,0,0,0,0,0,0,0),(275,275,0,0,0,0,0,0,0),(276,276,0,0,0,0,0,0,0),(277,277,0,0,0,0,0,0,0),(278,278,0,0,0,0,0,0,0),(279,279,0,0,0,0,0,0,0),(280,280,0,0,0,0,0,0,0),(281,281,0,0,0,0,0,0,0),(282,282,181,556,101,29,108,97,0),(283,283,78,241,25,3,7,25,0),(284,284,16,51,9,2,2,7,0),(285,285,14,45,6,0,0,2,0),(286,286,160,550,74,11,18,64,0),(287,287,98,370,60,25,27,80,0),(288,288,68,257,36,9,19,40,0),(289,289,107,411,69,3,36,17,0),(290,290,97,377,34,7,36,51,0),(291,291,56,221,21,1,17,20,0),(292,292,117,464,67,16,37,50,0),(293,293,140,565,78,21,51,70,0),(294,294,42,171,11,3,8,23,0),(295,295,133,552,85,33,41,103,0),(296,296,42,179,21,0,23,13,0),(297,297,5,22,1,0,1,1,0),(298,298,1,5,1,1,0,3,0),(299,299,4,21,2,0,0,3,0),(300,300,11,60,4,0,5,3,0),(301,301,2,11,0,0,0,0,0),(302,302,8,51,1,0,0,0,0),(303,303,7,50,2,0,5,1,0),(304,304,5,41,0,0,1,1,0),(305,305,6,53,4,0,3,2,0),(306,306,1,10,0,0,1,0,0),(307,307,1,11,0,0,0,0,0),(308,308,1,14,0,0,1,1,0),(309,309,1,20,0,0,1,0,0),(310,310,1,52,2,0,2,1,0),(311,311,0,1,0,0,0,0,0),(312,312,0,1,0,0,0,0,0),(313,313,0,5,0,0,0,0,0),(314,314,0,7,0,0,0,0,0),(315,315,0,2,0,0,0,0,0),(316,316,0,1,0,0,0,0,0),(317,317,0,4,0,0,0,0,0),(318,318,0,11,1,0,1,0,0),(319,319,0,7,0,0,0,0,0),(320,320,0,10,0,0,0,0,0),(321,321,0,2,0,0,0,0,0),(322,322,0,5,0,0,0,0,0),(323,323,0,0,1,0,1,0,0),(324,324,0,0,0,0,0,0,0),(325,325,0,0,0,0,0,0,0),(326,326,0,0,0,0,0,0,0),(327,327,0,0,0,0,0,0,0),(328,328,0,0,0,0,0,0,0),(329,329,0,0,0,0,0,0,0),(330,330,0,0,0,0,0,0,0),(331,331,0,0,0,0,0,0,0),(332,332,0,0,0,0,0,0,0),(333,333,0,0,0,0,0,0,0),(334,334,2,5,1,0,0,0,0),(335,335,27,81,12,2,7,14,0),(336,336,5,16,2,0,1,0,0),(337,337,176,565,84,11,44,76,0),(338,338,182,604,99,15,57,78,0),(339,339,95,321,52,14,36,43,0),(340,340,110,385,43,8,23,57,0),(341,341,168,610,91,23,60,82,0),(342,342,31,115,11,5,11,19,0),(343,343,48,182,24,1,8,22,0),(344,344,151,582,89,34,99,87,0),(345,345,1,4,1,0,0,0,0),(346,346,113,454,74,12,33,48,0),(347,347,23,95,15,1,3,4,0),(348,348,133,557,92,34,78,101,0),(349,349,9,39,5,0,3,7,0),(350,350,30,139,17,4,10,11,0),(351,351,11,53,9,2,9,8,0),(352,352,49,238,19,7,15,25,0),(353,353,28,153,14,3,23,17,0),(354,354,42,251,22,9,9,34,0),(355,355,1,12,0,0,2,0,0),(356,356,0,6,0,0,0,0,0),(357,357,0,5,0,0,0,0,0),(358,358,0,2,0,0,0,0,0),(359,359,0,5,0,0,0,0,0),(360,360,0,5,1,0,0,0,0),(361,361,0,0,0,0,0,0,0),(362,362,0,0,0,0,0,0,0),(363,363,0,0,0,0,0,0,0),(364,364,0,0,0,0,0,0,0),(365,365,0,0,0,0,0,0,0),(366,366,0,0,0,0,0,0,0),(367,367,0,0,0,0,0,0,0),(368,368,0,0,0,0,0,0,0),(369,369,0,0,0,0,0,0,0),(370,370,0,0,0,0,0,0,0),(371,371,0,0,0,0,0,0,0),(372,372,0,0,0,0,0,0,0),(373,373,8,18,1,0,1,2,0),(374,374,192,552,104,11,66,66,0),(375,375,1,3,1,0,0,0,0),(376,376,187,578,111,29,43,82,0),(377,377,70,222,42,7,15,24,0),(378,378,174,584,87,25,46,100,0),(379,379,182,618,116,41,68,133,0),(380,380,111,393,61,14,42,53,0),(381,381,12,44,8,5,4,13,0),(382,382,101,372,67,27,35,72,0),(383,383,66,250,38,8,34,38,0),(384,384,10,38,4,0,2,3,0),(385,385,5,19,3,1,0,2,0),(386,386,75,289,30,10,25,48,0),(387,387,53,205,27,3,21,30,0),(388,388,93,368,45,7,9,39,0),(389,389,16,68,7,1,6,6,0),(390,390,22,100,10,0,3,8,0),(391,391,49,223,30,9,28,30,0),(392,392,49,225,25,2,24,17,0),(393,393,20,92,8,1,5,11,0),(394,394,12,56,5,2,3,6,0),(395,395,10,53,3,0,2,4,0),(396,396,7,38,4,0,2,6,0),(397,397,5,29,2,0,0,3,0),(398,398,7,47,2,0,2,4,0),(399,399,4,35,1,1,4,3,0),(400,400,1,15,0,0,0,0,0),(401,401,2,49,2,0,4,2,0),(402,402,0,3,0,0,0,0,0),(403,403,0,8,0,0,0,0,0),(404,404,0,8,0,0,0,0,0),(405,405,0,6,1,0,0,0,0),(406,406,0,1,0,0,0,0,0),(407,407,0,5,0,0,0,0,0),(408,408,0,0,0,0,0,0,0),(409,409,0,0,0,0,0,0,0),(410,410,0,0,0,0,0,0,0),(411,411,0,0,0,0,0,0,0),(412,412,0,0,0,0,0,0,0),(413,413,0,0,0,0,0,0,0),(414,414,0,0,0,0,0,0,0),(415,415,0,0,0,0,0,0,0),(416,416,0,0,0,0,0,0,0),(417,417,0,0,0,0,0,0,0),(418,418,0,0,0,0,0,0,0),(419,419,0,0,0,0,0,0,0),(420,420,1,2,1,0,0,0,1),(421,421,188,595,92,38,75,108,0),(422,422,110,349,65,4,36,43,0),(423,423,141,460,69,22,49,68,0),(424,424,160,553,65,27,50,86,0),(425,425,178,618,117,28,45,83,0),(426,426,117,411,54,18,28,58,0),(427,427,24,94,9,5,5,11,0),(428,428,119,467,57,4,28,32,0),(429,429,20,80,7,1,11,8,0),(430,430,1,4,0,0,0,0,0),(431,431,140,570,81,31,50,87,0),(432,432,41,174,21,2,13,16,0),(433,433,32,136,14,4,13,15,0),(434,434,21,92,4,0,3,1,0),(435,435,76,344,31,12,23,48,0),(436,436,6,28,3,0,0,2,0),(437,437,35,167,17,1,9,6,0),(438,438,19,91,11,2,9,7,0),(439,439,1,5,0,0,0,0,0),(440,440,1,5,1,0,0,0,0),(441,441,42,246,30,12,41,38,0),(442,442,2,13,0,0,1,2,0),(443,443,1,10,1,0,3,0,0),(444,444,0,2,0,0,0,0,0),(445,445,0,2,0,0,0,0,0),(446,446,0,2,0,0,1,0,0),(447,447,0,6,0,0,0,0,0),(448,448,0,0,0,0,0,0,0),(449,449,0,0,0,0,0,0,0),(450,450,0,0,0,0,0,0,0),(451,451,0,0,0,0,0,0,0),(452,452,0,0,0,0,0,0,0),(453,453,0,0,0,0,0,0,0),(454,454,0,0,0,0,0,0,0),(455,455,0,0,0,0,0,0,0),(456,456,216,640,108,24,60,96,0),(457,457,1,3,1,0,0,0,0),(458,458,158,577,76,20,75,96,0),(459,459,53,201,31,8,15,34,0),(460,460,34,130,13,3,5,15,0),(461,461,168,644,116,29,88,82,0),(462,462,76,292,38,13,44,40,0),(463,463,123,484,55,13,22,51,0),(464,464,112,447,58,32,43,72,0),(465,465,23,100,15,4,11,11,0),(466,466,54,249,24,8,23,28,0),(467,467,26,120,15,1,14,7,0),(468,468,62,295,27,5,21,29,0),(469,469,69,329,41,11,45,32,0),(470,470,60,287,40,5,16,21,0),(471,471,76,369,38,15,43,54,0),(472,472,1,5,0,0,0,2,0),(473,473,7,39,4,0,1,1,0),(474,474,22,134,11,4,8,8,0),(475,475,20,122,11,3,18,8,0),(476,476,3,23,1,0,1,2,0),(477,477,1,13,1,0,0,0,0),(478,478,2,29,0,0,1,0,0),(479,479,0,3,0,0,0,0,0),(480,480,0,2,0,0,0,0,0),(481,481,0,2,0,0,0,0,0),(482,482,0,6,0,0,0,0,0),(483,483,0,0,0,0,0,0,0),(484,484,0,0,0,0,0,0,0),(485,485,0,0,0,0,0,0,0),(486,486,0,0,0,0,0,0,0),(487,487,0,0,0,0,0,0,0),(488,488,0,0,0,0,0,0,0),(489,489,0,0,0,0,0,0,0),(490,490,0,0,0,0,0,0,0),(491,491,0,0,0,0,0,0,0),(492,492,0,0,0,0,0,0,0),(493,493,0,0,0,0,0,0,0),(494,494,1,3,0,0,0,0,0),(495,495,13,41,2,0,3,5,0),(496,496,138,457,52,5,13,43,0),(497,497,114,397,56,9,31,56,0),(498,498,35,123,18,4,8,16,0),(499,499,88,311,44,2,19,29,0),(500,500,83,299,46,1,26,25,0),(501,501,130,475,49,12,32,46,0),(502,502,161,605,80,25,57,104,0),(503,503,147,558,65,30,48,93,0),(504,504,166,637,57,7,27,55,0),(505,505,127,514,57,22,22,64,0),(506,506,9,37,7,0,0,1,0),(507,507,25,104,12,7,9,13,0),(508,508,32,134,16,0,9,11,0),(509,509,34,147,13,1,11,13,0),(510,510,18,78,11,3,6,10,0),(511,511,98,445,62,17,52,40,0),(512,512,4,19,4,0,2,1,0),(513,513,1,5,1,0,0,1,0),(514,514,25,135,16,2,6,13,0),(515,515,1,11,1,0,1,0,0),(516,516,0,4,0,0,0,1,0),(517,517,0,1,0,0,0,0,0),(518,518,0,3,6,0,0,0,0),(519,519,0,3,0,0,0,0,0),(520,520,0,5,0,0,0,0,0),(521,521,0,1,0,0,0,0,0),(522,522,0,0,0,0,0,0,0),(523,523,0,0,0,0,0,0,0),(524,524,0,0,0,0,0,0,0),(525,525,0,0,0,0,0,0,0),(526,526,0,0,0,0,0,0,0),(527,527,0,0,0,0,0,0,0),(528,528,0,0,0,0,0,0,0),(529,529,0,0,0,0,0,0,0),(530,530,1,2,1,0,0,0,1),(531,531,1,3,0,0,0,0,0),(532,532,173,549,123,29,116,100,0),(533,533,157,517,68,5,40,39,0),(534,534,4,14,2,0,0,3,0),(535,535,126,448,48,4,28,44,0),(536,536,113,407,51,16,24,69,0),(537,537,161,594,91,18,67,75,0),(538,538,21,78,11,4,6,9,0),(539,539,159,593,71,31,49,119,0),(540,540,90,346,44,6,13,31,0),(541,541,65,258,38,15,18,44,0),(542,542,50,204,21,2,15,17,0),(543,543,28,119,10,1,9,13,0),(544,544,49,209,23,8,11,25,0),(545,545,43,185,24,1,13,16,0),(546,546,36,172,18,3,13,10,0),(547,547,56,268,25,5,12,31,0),(548,548,16,81,7,1,6,8,0),(549,549,15,85,8,1,0,8,0),(550,550,17,98,16,1,10,10,0),(551,551,19,112,9,5,16,12,0),(552,552,4,27,5,0,1,1,0),(553,553,5,34,2,0,3,2,0),(554,554,1,13,1,0,0,0,0),(555,555,0,1,0,0,0,0,0),(556,556,0,1,0,0,1,0,0),(557,557,0,2,0,0,0,0,0),(558,558,0,2,0,0,0,0,0),(559,559,0,9,0,0,0,0,0),(560,560,0,0,0,0,0,0,0),(561,561,0,0,0,0,0,0,0),(562,562,0,0,0,0,0,0,0),(563,563,0,0,0,0,0,0,0),(564,564,0,0,0,0,0,0,0),(565,565,0,0,0,0,0,0,0),(566,566,0,0,0,0,0,0,0),(567,567,0,0,0,0,0,0,0),(568,568,0,0,0,0,0,0,0),(569,569,0,0,0,0,0,0,0),(570,570,0,0,0,0,0,0,0),(571,571,1,3,0,0,0,1,0),(572,572,33,105,19,3,8,16,0),(573,573,193,627,105,26,54,72,0),(574,574,20,67,6,1,1,7,0),(575,575,162,568,69,18,55,90,0),(576,576,10,36,3,0,3,3,0),(577,577,153,556,79,27,48,90,0),(578,578,4,15,1,0,0,1,0),(579,579,88,334,45,11,24,45,0),(580,580,40,155,20,2,11,9,0),(581,581,124,487,65,8,50,40,0),(582,582,129,512,79,14,40,52,0),(583,583,4,16,2,0,1,2,0),(584,584,100,406,64,25,63,68,0),(585,585,17,73,9,2,6,12,0),(586,586,89,390,49,27,64,72,0),(587,587,23,102,10,1,5,7,0),(588,588,53,236,31,13,26,32,0),(589,589,5,24,2,1,2,2,0),(590,590,12,58,8,1,4,7,0),(591,591,27,139,8,1,16,13,0),(592,592,41,216,25,7,28,18,0),(593,593,15,81,8,0,4,6,0),(594,594,8,46,2,0,1,3,0),(595,595,1,6,1,0,0,0,0),(596,596,5,32,3,0,5,2,0),(597,597,3,22,0,0,0,2,0),(598,598,7,57,5,1,1,4,0),(599,599,5,43,3,0,1,2,0),(600,600,1,10,0,0,0,0,0),(601,601,2,24,2,0,2,1,0),(602,602,1,18,2,0,0,0,0),(603,603,0,3,0,0,0,0,0),(604,604,0,1,0,0,0,0,0),(605,605,0,9,0,0,0,0,0),(606,606,0,1,0,0,0,0,0),(607,607,0,4,0,0,0,0,0),(608,608,0,1,0,0,0,0,0),(609,609,0,1,0,0,0,0,0),(610,610,0,12,0,0,0,0,0),(611,611,0,2,0,0,0,0,0),(612,612,0,13,0,0,2,1,0),(613,613,0,1,0,0,0,0,0),(614,614,0,1,0,0,0,0,0),(615,615,0,5,0,0,0,0,0),(616,616,0,0,0,0,0,0,0),(617,617,0,0,0,0,0,0,0),(618,618,0,0,0,0,0,0,0),(619,619,0,0,0,0,0,0,0),(620,620,0,0,0,0,0,0,0),(621,621,0,0,0,0,0,0,0),(622,622,0,0,0,0,0,0,0),(623,623,0,0,0,0,0,0,0),(624,624,0,0,0,0,0,0,0),(625,625,0,0,0,0,0,0,0),(626,626,1,1,0,0,0,0,1),(627,627,2,3,5,0,0,0,1),(628,628,4,13,1,1,0,4,0),(629,629,183,600,70,8,49,75,0),(630,630,154,509,60,11,28,48,0),(631,631,172,578,78,21,72,98,0),(632,632,7,24,2,0,0,1,0),(633,633,95,327,48,1,30,22,0),(634,634,14,50,4,0,4,1,0),(635,635,98,351,39,7,32,42,0),(636,636,87,325,47,1,18,14,0),(637,637,148,557,75,23,43,76,0),(638,638,74,280,35,15,38,51,0),(639,639,13,52,3,0,1,6,0),(640,640,48,194,27,1,11,14,0),(641,641,6,25,3,1,0,2,0),(642,642,99,413,56,27,50,74,0),(643,643,30,126,12,2,4,15,0),(644,644,120,508,52,3,33,38,0),(645,645,12,51,7,0,3,5,0),(646,646,54,243,20,5,19,24,0),(647,647,13,62,1,1,5,5,0),(648,648,1,5,1,0,0,0,0),(649,649,3,16,1,0,1,0,0),(650,650,2,11,0,0,0,1,0),(651,651,3,17,1,0,1,0,0),(652,652,1,6,0,0,0,0,0),(653,653,4,27,2,0,2,3,0),(654,654,5,41,4,0,1,3,0),(655,655,5,51,1,0,1,4,0),(656,656,2,22,0,0,1,0,0),(657,657,0,2,0,0,0,0,0),(658,658,0,1,0,0,0,0,0),(659,659,0,44,0,0,0,0,0),(660,660,0,2,0,0,0,0,0),(661,661,0,1,0,0,0,0,0),(662,662,0,1,0,0,0,0,0),(663,663,0,4,0,0,0,0,0),(664,664,0,1,0,0,0,0,0),(665,665,0,3,0,0,0,0,0),(666,666,0,0,0,0,0,0,0),(667,667,0,0,0,0,0,0,0),(668,668,0,0,0,0,0,0,0),(669,669,0,0,0,0,0,0,0),(670,670,0,0,0,0,0,0,0),(671,671,0,0,0,0,0,0,0),(672,672,0,0,0,0,0,0,0),(673,673,0,0,0,0,0,0,0),(674,674,0,0,0,0,0,0,0),(675,675,0,0,0,0,0,0,0),(676,676,0,0,0,0,0,0,0),(677,677,0,0,0,0,0,0,0),(678,678,156,511,80,30,46,91,0),(679,679,101,338,48,13,33,50,0),(680,680,168,589,92,19,79,63,0),(681,681,72,254,34,8,30,29,0),(682,682,110,404,50,13,18,56,0),(683,683,131,498,58,14,38,56,0),(684,684,63,246,34,11,32,32,0),(685,685,18,71,4,2,10,12,0),(686,686,1,4,1,1,0,1,0),(687,687,50,207,28,9,36,19,0),(688,688,4,17,3,1,2,2,0),(689,689,8,35,2,0,0,0,0),(690,690,122,549,84,41,76,94,0),(691,691,44,201,21,4,15,17,0),(692,692,17,78,7,0,17,4,0),(693,693,14,66,12,0,2,3,0),(694,694,70,335,38,13,56,44,0),(695,695,51,249,18,2,31,19,0),(696,696,42,208,21,8,35,21,0),(697,697,23,116,12,3,11,11,0),(698,698,4,22,3,0,2,0,0),(699,699,5,39,2,1,0,6,0),(700,700,1,8,1,0,0,0,0),(701,701,3,24,3,1,3,3,0),(702,702,3,27,2,0,4,1,0),(703,703,5,53,2,0,1,1,0),(704,704,4,45,3,0,1,1,0),(705,705,4,47,4,0,15,2,0),(706,706,4,50,1,0,2,3,0),(707,707,1,28,1,0,2,0,0),(708,708,0,1,0,0,0,0,0),(709,709,0,3,0,0,0,0,0),(710,710,0,5,1,0,1,0,0),(711,711,0,2,0,0,0,0,0),(712,712,0,0,0,0,0,0,0),(713,713,0,0,1,0,0,0,0),(714,714,0,0,0,0,1,0,0),(715,715,0,0,0,0,0,0,0),(716,716,0,0,0,0,0,0,0),(717,717,0,0,0,0,0,0,0),(718,718,0,0,0,0,0,0,0),(719,719,0,0,0,0,0,0,0),(720,720,0,0,0,0,0,0,0),(721,721,0,0,0,0,0,0,0),(722,722,0,0,0,0,0,0,0),(723,723,0,0,0,0,0,0,0),(724,724,0,0,0,0,0,0,0),(725,725,0,0,0,0,0,0,0),(726,726,0,0,0,0,0,0,0),(727,727,0,0,0,0,0,0,0),(728,728,1,1,0,0,0,0,1),(729,729,2,2,0,0,0,0,1),(730,730,110,371,49,12,15,47,0),(731,731,69,245,24,4,17,27,0),(732,732,93,332,49,11,55,37,0),(733,733,90,335,52,10,12,32,0),(734,734,165,615,104,42,61,99,0),(735,735,46,176,16,3,12,25,0),(736,736,129,494,68,11,79,49,0),(737,737,83,319,35,12,19,47,0),(738,738,89,345,34,8,18,49,0),(739,739,56,233,29,2,12,14,0),(740,740,15,63,8,0,8,1,0),(741,741,83,352,32,6,21,37,0),(742,742,103,437,57,25,54,66,0),(743,743,93,396,52,17,42,63,0),(744,744,35,152,27,10,24,20,0),(745,745,5,22,0,0,1,0,0),(746,746,67,298,44,10,23,38,0),(747,747,22,103,8,4,10,12,0),(748,748,41,215,28,12,21,24,0),(749,749,12,82,4,1,5,3,0),(750,750,0,1,0,0,0,0,0),(751,751,0,1,0,0,0,0,0),(752,752,0,7,1,0,1,0,0),(753,753,0,2,0,0,0,0,0),(754,754,0,9,1,0,2,0,0),(755,755,0,2,0,0,1,0,0),(756,756,0,1,0,0,0,0,0),(757,757,0,5,0,0,0,0,0),(758,758,0,2,0,0,0,0,0),(759,759,0,0,0,0,0,0,0),(760,760,0,0,0,0,0,0,0),(761,761,0,0,0,0,0,0,0),(762,762,0,0,0,0,0,0,0),(763,763,0,0,0,0,0,0,0),(764,764,0,0,0,0,0,0,0),(765,765,0,0,0,0,0,0,0),(766,766,0,0,0,0,0,0,0),(767,767,0,0,0,0,0,0,0),(768,768,0,0,0,0,0,0,0),(769,769,0,0,0,0,0,0,0),(770,770,7,20,4,2,2,6,0),(771,771,2,6,2,0,0,2,0),(772,772,35,105,10,3,3,16,0),(773,773,116,412,57,23,42,55,0),(774,774,146,521,65,23,38,62,0),(775,775,134,479,72,31,51,86,0),(776,776,20,73,12,1,6,6,0),(777,777,49,183,17,9,15,24,0),(778,778,82,307,38,16,23,49,0),(779,779,68,255,45,8,23,24,0),(780,780,91,343,30,9,16,34,0),(781,781,62,251,27,4,19,15,0),(782,782,14,58,9,1,11,7,0),(783,783,34,142,15,3,11,9,0),(784,784,129,545,88,30,74,59,0),(785,785,35,153,20,7,15,23,0),(786,786,31,137,18,7,26,14,0),(787,787,20,89,11,3,4,13,0),(788,788,41,185,12,6,16,26,0),(789,789,67,304,38,12,36,42,0),(790,790,37,169,14,8,17,19,0),(791,791,48,234,31,6,26,25,0),(792,792,26,132,6,1,17,11,0),(793,793,11,58,6,3,7,6,0),(794,794,3,16,2,0,1,1,0),(795,795,13,75,9,1,10,9,0),(796,796,6,42,6,0,3,2,0),(797,797,5,36,0,0,4,2,0),(798,798,3,22,2,0,0,0,0),(799,799,5,60,4,1,1,2,0),(800,800,1,15,0,0,0,0,0),(801,801,1,19,1,0,0,0,0),(802,802,0,1,0,0,0,0,0),(803,803,0,5,0,0,0,0,0),(804,804,0,3,0,0,0,0,0),(805,805,0,1,0,0,0,0,0),(806,806,0,3,0,0,0,0,0),(807,807,0,0,0,0,0,0,0),(808,808,0,0,0,0,0,0,0),(809,809,0,0,0,0,0,0,0),(810,810,0,0,0,0,0,0,0),(811,811,0,0,0,0,0,0,0),(812,812,0,0,0,0,0,0,0),(813,813,0,0,0,0,0,0,0),(814,814,0,0,0,0,0,0,0),(815,815,0,0,0,0,0,0,0),(816,816,4,8,4,2,0,4,1),(817,817,10,29,3,1,2,4,0),(818,818,109,359,50,22,22,64,0),(819,819,60,201,34,20,24,42,0),(820,820,8,27,4,0,1,2,0),(821,821,155,562,68,20,19,70,0),(822,822,156,577,63,21,24,70,0),(823,823,145,551,71,9,54,56,0),(824,824,143,547,80,7,70,41,0),(825,825,40,155,20,1,10,12,0),(826,826,118,467,58,14,51,51,0),(827,827,38,152,25,0,18,12,0),(828,828,104,429,56,20,54,58,0),(829,829,40,165,17,4,7,26,0),(830,830,20,83,7,5,7,12,0),(831,831,5,22,5,1,1,2,0),(832,832,71,327,32,8,30,31,0),(833,833,3,14,2,0,1,1,0),(834,834,79,387,43,15,47,44,0),(835,835,45,225,19,9,14,31,0),(836,836,15,84,10,4,9,10,0),(837,837,9,61,6,0,8,4,0),(838,838,1,8,1,0,1,0,0),(839,839,0,5,0,0,1,0,0),(840,840,0,4,0,0,0,0,0),(841,841,0,4,0,0,0,0,0),(842,842,0,1,0,0,0,0,0),(843,843,0,1,0,0,0,0,0),(844,844,0,2,0,0,0,0,0),(845,845,0,1,2,0,0,0,0),(846,846,0,0,0,0,0,0,0),(847,847,0,0,0,0,0,0,0),(848,848,0,0,0,0,0,0,0),(849,849,0,0,0,0,0,0,0),(850,850,0,0,0,0,0,0,0),(851,851,0,0,0,0,0,0,0),(852,852,0,0,0,0,0,0,0),(853,853,0,0,0,0,0,0,0),(854,854,0,0,0,0,0,0,0),(855,855,0,0,0,0,0,0,0),(856,856,0,0,0,0,0,0,0),(857,857,0,0,0,0,0,0,0),(858,858,82,269,36,13,12,37,0),(859,859,72,243,33,8,28,28,0),(860,860,135,471,72,17,41,51,0),(861,861,26,92,8,1,8,14,0),(862,862,61,221,24,4,19,31,0),(863,863,89,338,30,2,26,27,0),(864,864,25,96,11,1,6,11,0),(865,865,20,78,11,1,5,10,0),(866,866,122,482,52,7,45,56,0),(867,867,123,490,54,14,35,56,0),(868,868,137,555,85,42,42,102,0),(869,869,69,290,28,7,19,27,0),(870,870,135,568,72,27,51,75,0),(871,871,12,51,4,1,3,4,0),(872,872,92,393,45,11,37,47,0),(873,873,64,274,32,0,10,12,0),(874,874,4,19,2,0,0,2,0),(875,875,9,43,4,0,1,2,0),(876,876,21,113,13,2,20,8,0),(877,877,18,109,10,3,13,12,0),(878,878,23,158,14,5,13,14,0),(879,879,2,15,0,0,0,1,0),(880,880,5,41,4,3,0,6,0),(881,881,2,21,3,0,7,0,0),(882,882,4,48,6,0,1,1,0),(883,883,0,1,0,0,0,0,0),(884,884,0,4,0,0,0,0,0),(885,885,0,2,0,0,0,0,0),(886,886,0,1,0,0,0,0,0),(887,887,0,1,0,0,0,0,0),(888,888,0,1,0,0,0,0,0),(889,889,0,2,0,0,0,0,0),(890,890,0,6,0,0,0,0,0),(891,891,0,2,0,0,0,0,0),(892,892,0,2,0,0,0,0,0),(893,893,0,0,0,0,0,0,0),(894,894,0,0,0,0,0,0,0),(895,895,0,0,0,0,0,0,0),(896,896,0,0,0,0,0,0,0),(897,897,0,0,0,0,0,0,0),(898,898,0,0,0,0,0,0,0),(899,899,0,0,0,0,0,0,0),(900,900,0,0,0,0,0,0,0),(901,901,10,32,3,1,3,9,0),(902,902,161,547,67,6,66,39,0),(903,903,167,583,87,15,63,49,0),(904,904,15,57,10,0,8,6,0),(905,905,6,23,2,0,0,0,0),(906,906,43,165,18,3,24,12,0),(907,907,81,315,47,21,22,47,0),(908,908,148,581,67,25,40,88,0),(909,909,48,190,26,4,11,21,0),(910,910,98,389,36,16,24,54,0),(911,911,89,355,40,5,17,23,0),(912,912,141,584,61,20,25,67,0),(913,913,16,67,6,0,9,4,0),(914,914,31,143,13,4,5,17,0),(915,915,42,197,22,4,18,18,0),(916,916,17,83,8,3,4,9,0),(917,917,8,40,4,0,1,0,0),(918,918,39,198,23,4,23,22,0),(919,919,65,331,35,25,27,59,0),(920,920,41,213,17,4,17,16,0),(921,921,9,54,3,0,4,4,0),(922,922,1,6,1,0,0,0,0),(923,923,1,7,0,0,0,0,0),(924,924,2,14,0,0,0,0,0),(925,925,8,61,4,0,1,5,0),(926,926,2,16,0,0,1,0,0),(927,927,3,26,2,0,2,1,0),(928,928,5,45,3,0,2,0,0),(929,929,3,32,1,0,1,1,0),(930,930,1,11,0,0,0,2,0),(931,931,3,34,3,1,2,1,0),(932,932,1,30,1,0,3,0,0),(933,933,0,1,0,0,0,0,0),(934,934,0,1,0,0,0,0,0),(935,935,0,2,0,0,0,0,0),(936,936,0,1,0,0,0,0,0),(937,937,0,0,0,0,0,0,0),(938,938,0,0,0,0,0,0,0),(939,939,0,0,0,0,0,0,0),(940,940,0,0,0,0,0,0,0),(941,941,0,0,0,0,0,0,0),(942,942,0,0,0,0,0,0,0),(943,943,0,0,0,0,0,0,0),(944,944,0,0,0,0,0,0,0),(945,945,0,0,0,0,1,0,0),(946,946,0,0,0,0,0,0,0),(947,947,0,0,0,0,0,0,0),(948,948,0,0,0,0,0,0,0),(949,949,0,0,0,0,0,0,0),(950,950,6,15,0,0,0,2,0),(951,951,1,3,0,0,0,1,0),(952,952,152,489,71,9,23,46,0),(953,953,44,146,21,2,12,11,0),(954,954,12,42,2,1,0,5,0),(955,955,138,487,57,4,18,59,0),(956,956,35,128,18,3,21,19,0),(957,957,118,437,63,13,45,55,0),(958,958,81,300,49,18,33,56,0),(959,959,102,380,45,8,45,42,0),(960,960,86,326,42,1,56,33,0),(961,961,136,527,79,22,53,86,0),(962,962,133,519,66,11,51,59,0),(963,963,153,598,81,24,69,79,0),(964,964,81,318,45,21,36,62,0),(965,965,2,8,1,0,0,0,0),(966,966,56,231,45,13,59,42,0),(967,967,7,31,5,0,2,1,0),(968,968,17,78,12,0,10,8,0),(969,969,21,98,10,1,12,7,0),(970,970,5,24,4,0,1,4,0),(971,971,8,40,3,1,0,3,0),(972,972,3,19,1,0,0,1,0),(973,973,4,26,0,0,1,3,0),(974,974,1,7,0,0,0,0,0),(975,975,3,22,1,0,0,0,0),(976,976,4,32,0,0,1,0,0),(977,977,6,56,3,1,0,4,0),(978,978,3,30,1,0,2,1,0),(979,979,3,32,0,0,0,2,0),(980,980,2,23,0,0,1,0,0),(981,981,2,25,2,0,7,2,0),(982,982,1,19,1,0,1,1,0),(983,983,0,2,0,0,0,0,0),(984,984,0,4,0,0,0,1,0),(985,985,0,1,0,0,0,0,0),(986,986,0,1,0,0,0,0,0),(987,987,0,1,0,0,0,0,0),(988,988,0,2,0,0,0,0,0),(989,989,0,2,0,0,0,0,0),(990,990,0,8,0,0,0,0,0),(991,991,0,2,0,0,0,0,0),(992,992,0,2,0,0,0,0,0),(993,993,0,1,1,0,2,1,0),(994,994,0,0,0,0,0,0,0),(995,995,0,0,0,0,0,0,0),(996,996,0,0,0,0,0,0,0),(997,997,0,0,0,0,0,0,0),(998,998,0,0,0,0,0,0,0),(999,999,0,0,0,0,0,0,0),(1000,1000,0,0,0,0,0,0,0),(1001,1001,0,0,0,0,0,0,0),(1002,1002,0,0,0,0,0,0,0),(1003,1003,0,0,0,0,0,0,0),(1004,1004,0,0,0,0,0,0,0),(1005,1005,13,35,8,4,1,14,0),(1006,1006,101,347,49,2,19,26,0),(1007,1007,31,108,13,2,11,13,0),(1008,1008,116,405,55,15,30,71,0),(1009,1009,12,42,3,3,3,7,0),(1010,1010,107,409,54,23,16,69,0),(1011,1011,155,599,99,28,68,94,0),(1012,1012,36,140,9,0,8,11,0),(1013,1013,65,253,39,10,26,37,0),(1014,1014,88,344,46,16,23,45,0),(1015,1015,4,16,5,1,2,2,0),(1016,1016,82,335,53,2,42,12,0),(1017,1017,9,37,4,0,0,3,0),(1018,1018,101,421,33,5,17,41,0),(1019,1019,11,48,6,1,4,8,0),(1020,1020,49,214,37,13,29,35,0),(1021,1021,44,193,20,6,10,25,0),(1022,1022,5,23,2,0,3,2,0),(1023,1023,60,276,48,20,42,51,0),(1024,1024,5,24,2,0,1,2,0),(1025,1025,41,217,19,6,29,20,0),(1026,1026,77,415,50,14,36,42,0),(1027,1027,3,17,1,0,0,0,0),(1028,1028,12,71,7,3,11,5,0),(1029,1029,3,18,2,0,2,1,0),(1030,1030,3,18,0,0,1,1,0),(1031,1031,6,39,2,0,1,0,0),(1032,1032,5,33,2,1,0,4,0),(1033,1033,7,50,5,0,3,2,0),(1034,1034,5,38,1,0,1,1,0),(1035,1035,3,24,2,0,0,1,0),(1036,1036,4,33,3,0,2,1,0),(1037,1037,3,25,1,0,1,1,0),(1038,1038,5,43,2,2,2,4,0),(1039,1039,1,10,1,0,0,0,0),(1040,1040,1,16,0,0,1,1,0),(1041,1041,2,37,2,0,3,2,0),(1042,1042,0,19,1,0,1,0,0),(1043,1043,0,6,0,0,0,0,0),(1044,1044,0,4,0,0,0,0,0),(1045,1045,0,4,0,0,0,0,0),(1046,1046,0,1,0,0,0,0,0),(1047,1047,0,8,0,0,0,0,0),(1048,1048,0,4,0,0,0,0,0),(1049,1049,0,0,0,0,0,0,0),(1050,1050,0,0,0,0,0,0,0),(1051,1051,0,0,0,0,0,0,0),(1052,1052,0,0,0,0,0,0,0),(1053,1053,0,0,0,0,0,0,0),(1054,1054,0,0,0,0,0,0,0),(1055,1055,0,0,0,0,0,0,0),(1056,1056,0,0,0,0,0,0,0),(1057,1057,0,0,0,0,0,0,0),(1058,1058,0,0,0,0,0,0,0),(1059,1059,0,0,0,0,0,0,0),(1060,1060,0,0,0,0,0,0,0),(1061,1061,0,0,0,0,0,0,0),(1062,1062,0,0,0,0,0,0,0),(1063,1063,1,1,0,0,0,0,1),(1064,1064,2,4,1,0,0,0,1),(1065,1065,26,87,9,1,2,10,0),(1066,1066,31,106,13,0,12,6,0),(1067,1067,114,395,58,13,43,57,0),(1068,1068,155,539,82,14,64,80,0),(1069,1069,137,495,71,12,42,55,0),(1070,1070,149,542,77,17,104,82,0),(1071,1071,152,553,67,12,57,84,0),(1072,1072,49,182,24,4,14,20,0),(1073,1073,152,572,70,11,53,53,0),(1074,1074,50,191,24,6,12,25,0),(1075,1075,12,46,7,1,3,7,0),(1076,1076,14,54,7,2,3,4,0),(1077,1077,16,63,3,2,2,7,0),(1078,1078,65,257,32,4,20,21,0),(1079,1079,111,464,67,10,50,62,0),(1080,1080,41,173,17,5,10,19,0),(1081,1081,30,127,22,5,19,14,0),(1082,1082,54,241,28,1,29,18,0),(1083,1083,25,112,14,6,13,15,0),(1084,1084,4,21,1,0,0,2,0),(1085,1085,16,86,8,3,10,9,0),(1086,1086,5,27,2,0,2,3,0),(1087,1087,10,64,4,0,1,9,0),(1088,1088,5,32,3,0,5,2,0),(1089,1089,8,70,1,0,2,5,0),(1090,1090,2,27,1,1,0,5,0),(1091,1091,1,24,2,0,0,0,0),(1092,1092,0,5,0,0,0,1,0),(1093,1093,0,1,0,0,0,0,0),(1094,1094,0,1,0,0,0,0,0),(1095,1095,0,1,0,0,0,0,0),(1096,1096,0,1,0,0,0,0,0),(1097,1097,0,1,0,0,0,0,0),(1098,1098,0,0,0,0,0,0,0),(1099,1099,0,0,0,0,0,0,0),(1100,1100,0,0,0,0,0,0,0),(1101,1101,0,0,0,0,0,0,0),(1102,1102,0,0,0,0,0,0,0),(1103,1103,0,0,0,0,0,0,0),(1104,1104,0,0,0,0,0,0,0),(1105,1105,0,0,0,0,0,0,0),(1106,1106,0,0,0,0,0,0,0),(1107,1107,0,0,0,0,0,0,0),(1108,1108,12,25,4,1,2,5,0),(1109,1109,5,13,1,0,0,1,0),(1110,1110,1,3,0,0,0,0,0),(1111,1111,195,655,107,39,47,103,0),(1112,1112,169,589,96,43,62,105,0),(1113,1113,118,417,63,4,34,28,0),(1114,1114,166,597,89,30,69,99,0),(1115,1115,5,19,1,0,1,1,0),(1116,1116,113,437,55,1,18,33,0),(1117,1117,74,292,33,14,20,49,0),(1118,1118,23,92,12,1,12,12,0),(1119,1119,94,378,62,16,48,63,0),(1120,1120,128,518,72,15,44,47,0),(1121,1121,61,248,33,14,29,39,0),(1122,1122,96,401,48,20,26,58,0),(1123,1123,4,17,1,0,1,3,0),(1124,1124,48,210,24,2,18,17,0),(1125,1125,15,68,7,1,8,7,0),(1126,1126,62,295,23,7,38,24,0),(1127,1127,34,164,16,12,21,31,0),(1128,1128,8,40,8,1,5,5,0),(1129,1129,13,72,12,2,1,5,0),(1130,1130,1,7,1,0,0,0,0),(1131,1131,1,12,0,0,1,0,0),(1132,1132,0,1,0,0,0,0,0),(1133,1133,0,6,0,0,0,0,0),(1134,1134,0,2,0,0,0,0,0),(1135,1135,0,1,0,0,0,0,0),(1136,1136,0,3,0,0,1,0,0),(1137,1137,0,1,0,0,0,0,0),(1138,1138,0,0,0,0,0,0,0),(1139,1139,0,0,0,0,0,0,0),(1140,1140,0,0,0,0,0,0,0),(1141,1141,0,0,0,0,0,0,0),(1142,1142,0,0,0,0,0,0,0),(1143,1143,0,0,0,0,0,0,0),(1144,1144,0,0,0,0,0,0,0),(1145,1145,0,0,0,0,0,0,0),(1146,1146,0,0,0,0,0,0,0),(1147,1147,0,0,0,0,0,0,0),(1148,1148,7,16,4,0,2,1,0),(1149,1149,5,13,1,0,0,0,0),(1150,1150,14,38,7,0,3,5,0),(1151,1151,164,534,56,8,39,58,0),(1152,1152,121,404,71,17,41,65,0),(1153,1153,59,214,33,3,38,17,0),(1154,1154,159,582,86,22,51,85,0),(1155,1155,128,473,81,21,81,68,0),(1156,1156,75,289,37,8,20,29,0),(1157,1157,74,297,37,16,25,54,0),(1158,1158,94,382,48,20,35,62,0),(1159,1159,97,400,58,30,37,59,0),(1160,1160,107,446,66,24,28,68,0),(1161,1161,75,313,39,5,34,23,0),(1162,1162,14,59,5,0,0,6,0),(1163,1163,47,200,35,12,18,28,0),(1164,1164,36,159,26,9,20,17,0),(1165,1165,93,413,66,28,39,67,0),(1166,1166,13,62,6,2,2,18,0),(1167,1167,7,38,3,0,2,2,0),(1168,1168,6,34,6,0,2,3,0),(1169,1169,7,41,3,0,2,4,0),(1170,1170,2,13,1,0,0,1,0),(1171,1171,2,13,0,0,1,0,0),(1172,1172,7,49,3,0,3,4,0),(1173,1173,1,14,0,0,0,1,0),(1174,1174,1,39,1,0,3,0,0),(1175,1175,0,1,0,0,0,0,0),(1176,1176,0,1,0,0,0,0,0),(1177,1177,0,4,0,0,0,0,0),(1178,1178,0,1,0,0,0,0,0),(1179,1179,0,1,0,0,0,0,0),(1180,1180,0,2,0,0,0,0,0),(1181,1181,0,1,0,0,0,0,0),(1182,1182,0,2,0,0,0,0,0),(1183,1183,0,0,0,0,0,0,0),(1184,1184,0,0,0,0,0,0,0),(1185,1185,0,0,0,0,0,0,0),(1186,1186,0,0,0,0,0,0,0),(1187,1187,0,0,0,0,0,0,0),(1188,1188,0,0,0,0,0,0,0),(1189,1189,63,204,26,10,26,29,0),(1190,1190,2,7,0,0,0,0,0),(1191,1191,21,76,9,1,3,7,0),(1192,1192,173,633,81,36,42,98,0),(1193,1193,47,174,18,6,12,26,0),(1194,1194,135,511,76,20,46,52,0),(1195,1195,14,54,7,2,6,7,0),(1196,1196,1,4,0,0,0,1,0),(1197,1197,12,48,5,1,5,4,0),(1198,1198,49,198,25,5,14,16,0),(1199,1199,106,430,58,17,31,49,0),(1200,1200,90,366,55,12,40,37,0),(1201,1201,14,57,5,1,4,7,0),(1202,1202,125,510,57,24,33,70,0),(1203,1203,133,548,73,30,47,81,0),(1204,1204,51,212,27,7,12,18,0),(1205,1205,84,353,45,14,37,43,0),(1206,1206,20,87,14,4,5,9,0),(1207,1207,27,119,10,3,4,15,0),(1208,1208,40,200,22,7,21,20,0),(1209,1209,36,185,16,3,7,11,0),(1210,1210,24,124,6,3,12,10,0),(1211,1211,15,80,11,2,11,9,0),(1212,1212,42,226,23,8,25,25,0),(1213,1213,8,52,1,0,4,1,0),(1214,1214,1,11,1,0,0,2,0),(1215,1215,0,1,0,0,0,0,0),(1216,1216,0,7,1,0,1,0,0),(1217,1217,0,2,0,0,0,0,0),(1218,1218,0,2,0,0,1,0,0),(1219,1219,0,0,0,0,0,0,0),(1220,1220,0,0,0,0,0,0,0),(1221,1221,0,0,0,0,0,0,0),(1222,1222,0,0,0,0,0,0,0),(1223,1223,0,0,0,0,0,0,0),(1224,1224,0,0,0,0,0,0,0),(1225,1225,0,0,0,0,0,0,0),(1226,1226,0,0,0,0,0,0,0),(1227,1227,0,0,0,0,0,0,0),(1228,1228,1,2,0,0,0,0,1),(1229,1229,1,3,1,1,0,1,0),(1230,1230,1,3,0,0,0,0,0),(1231,1231,153,506,75,8,47,69,0),(1232,1232,175,583,89,32,48,104,0),(1233,1233,6,20,6,2,4,3,0),(1234,1234,178,625,107,22,44,86,0),(1235,1235,33,116,18,8,13,24,0),(1236,1236,54,193,23,7,13,29,0),(1237,1237,42,152,19,11,14,31,0),(1238,1238,11,40,5,2,4,4,0),(1239,1239,164,605,89,33,19,88,0),(1240,1240,137,516,59,20,39,64,0),(1241,1241,62,240,40,8,21,22,0),(1242,1242,1,4,0,0,0,1,0),(1243,1243,32,128,11,3,5,22,0),(1244,1244,43,178,27,7,25,17,0),(1245,1245,65,272,35,5,30,20,0),(1246,1246,20,84,14,2,5,13,0),(1247,1247,107,460,49,22,35,60,0),(1248,1248,33,147,21,9,15,20,0),(1249,1249,10,46,8,0,3,5,0),(1250,1250,69,326,29,8,32,44,0),(1251,1251,38,182,36,4,15,13,0),(1252,1252,8,56,2,0,0,5,0),(1253,1253,1,8,0,0,0,0,0),(1254,1254,1,25,2,1,5,1,0),(1255,1255,0,2,0,0,0,0,0),(1256,1256,0,2,0,0,0,0,0),(1257,1257,0,1,0,0,0,0,0),(1258,1258,0,0,0,0,0,0,0),(1259,1259,0,0,0,0,0,0,0),(1260,1260,0,0,0,0,0,0,0),(1261,1261,0,0,0,0,0,0,0),(1262,1262,0,0,0,0,0,0,0),(1263,1263,0,0,0,0,0,0,0),(1264,1264,0,0,0,0,0,0,0),(1265,1265,0,0,0,0,0,0,0),(1266,1266,0,0,0,0,0,0,0),(1267,1267,0,0,0,0,0,0,0),(1268,1268,123,410,54,11,20,50,0),(1269,1269,2,7,2,0,0,0,0),(1270,1270,164,577,122,37,109,99,0),(1271,1271,75,279,35,4,22,19,0),(1272,1272,4,15,2,1,2,2,0),(1273,1273,146,548,59,7,24,53,0),(1274,1274,158,601,99,42,87,127,0),(1275,1275,125,492,54,24,43,79,0),(1276,1276,124,490,70,24,59,57,0),(1277,1277,67,270,47,6,27,23,0),(1278,1278,99,423,68,22,87,69,0),(1279,1279,105,455,62,20,64,74,0),(1280,1280,65,299,33,14,40,34,0),(1281,1281,7,35,5,1,4,2,0),(1282,1282,29,148,18,4,14,16,0),(1283,1283,34,183,13,3,9,12,0),(1284,1284,6,33,1,0,3,3,0),(1285,1285,20,118,7,1,13,7,0),(1286,1286,3,27,2,0,1,1,0),(1287,1287,2,29,0,0,2,1,0),(1288,1288,0,6,2,0,0,0,0),(1289,1289,0,1,0,0,0,0,0),(1290,1290,0,11,0,0,1,0,0),(1291,1291,0,5,0,0,0,0,0),(1292,1292,0,1,0,0,0,0,0),(1293,1293,0,2,3,0,0,0,0),(1294,1294,0,9,0,0,1,0,0),(1295,1295,0,5,1,0,0,0,0),(1296,1296,0,0,0,0,0,0,0),(1297,1297,0,0,0,0,0,0,0),(1298,1298,0,0,0,0,0,0,0),(1299,1299,0,0,0,0,0,0,0),(1300,1300,0,0,0,0,0,0,0),(1301,1301,0,0,0,0,0,0,0),(1302,1302,0,0,0,0,0,0,0),(1303,1303,0,0,0,0,0,0,0),(1304,1304,0,0,0,0,0,0,0),(1305,1305,0,0,0,0,0,0,0),(1306,1306,2,3,1,0,0,0,1),(1307,1307,184,531,88,25,35,104,0),(1308,1308,105,307,53,13,14,40,0),(1309,1309,1,3,1,1,0,1,0),(1310,1310,9,28,6,2,5,4,0),(1311,1311,148,482,58,22,35,80,0),(1312,1312,12,42,1,0,2,5,0),(1313,1313,16,58,14,1,8,7,0),(1314,1314,153,567,91,20,65,85,0),(1315,1315,38,143,24,8,16,21,0),(1316,1316,1,4,1,0,0,0,0),(1317,1317,10,41,2,0,3,1,0),(1318,1318,128,525,84,21,71,69,0),(1319,1319,123,506,84,24,108,86,0),(1320,1320,46,196,16,5,20,26,0),(1321,1321,23,99,10,3,12,8,0),(1322,1322,51,221,28,7,14,16,0),(1323,1323,93,427,60,15,29,46,0),(1324,1324,76,350,44,2,18,24,0),(1325,1325,30,139,18,9,13,17,0),(1326,1326,108,516,66,24,54,72,0),(1327,1327,10,48,3,0,2,2,0),(1328,1328,13,70,4,0,2,12,0),(1329,1329,6,34,3,1,4,4,0),(1330,1330,1,6,0,0,0,0,0),(1331,1331,7,52,1,0,0,2,0),(1332,1332,8,64,1,0,5,3,0),(1333,1333,1,12,0,0,0,0,0),(1334,1334,0,4,0,0,0,0,0),(1335,1335,0,7,0,0,0,0,0),(1336,1336,0,1,0,0,0,0,0),(1337,1337,0,1,0,0,0,0,0),(1338,1338,0,3,0,0,0,0,0),(1339,1339,0,0,0,0,0,0,0),(1340,1340,0,0,0,0,0,0,0),(1341,1341,0,0,0,0,0,0,0),(1342,1342,0,0,0,0,0,0,0),(1343,1343,0,0,1,0,1,0,0),(1344,1344,0,0,0,0,0,0,0),(1345,1345,0,0,0,0,0,0,0),(1346,1346,0,0,0,0,0,0,0),(1347,1347,0,0,0,0,0,0,0),(1348,1348,0,0,0,0,0,0,0);
/*!40000 ALTER TABLE `batting` ENABLE KEYS */;
UNLOCK TABLES;

--
-- Table structure for table `coach_type`
--

DROP TABLE IF EXISTS `coach_type`;
/*!40101 SET @saved_cs_client     = @@character_set_client */;
/*!40101 SET character_set_client = utf8 */;
CREATE TABLE `coach_type` (
  `id` int(11) NOT NULL AUTO_INCREMENT,
  `type` varchar(80) COLLATE utf8mb4_unicode_ci DEFAULT NULL,
  PRIMARY KEY (`id`),
  UNIQUE KEY `type` (`type`)
) ENGINE=InnoDB AUTO_INCREMENT=13 DEFAULT CHARSET=utf8mb4 COLLATE=utf8mb4_unicode_ci;
/*!40101 SET character_set_client = @saved_cs_client */;

--
-- Dumping data for table `coach_type`
--

LOCK TABLES `coach_type` WRITE;
/*!40000 ALTER TABLE `coach_type` DISABLE KEYS */;
INSERT INTO `coach_type` VALUES (6,'Assistant Hitting Coach'),(2,'Bench Coach'),(11,'Bullpen Catcher'),(8,'Bullpen Coach'),(3,'First Base Coach'),(1,'Head Coach'),(5,'Hitting Coach'),(12,'Other coaches'),(7,'Pitching Coach'),(9,'Strength and Conditioning Coach'),(4,'Third Base Coach'),(10,'Trainer');
/*!40000 ALTER TABLE `coach_type` ENABLE KEYS */;
UNLOCK TABLES;

--
-- Table structure for table `coaches`
--

DROP TABLE IF EXISTS `coaches`;
/*!40101 SET @saved_cs_client     = @@character_set_client */;
/*!40101 SET character_set_client = utf8 */;
CREATE TABLE `coaches` (
  `id` int(11) NOT NULL AUTO_INCREMENT,
  `team_id` int(11) NOT NULL,
  `name` varchar(80) COLLATE utf8mb4_unicode_ci NOT NULL,
  `coach_type_id` int(11) NOT NULL,
  `salaries_id` int(11) DEFAULT NULL,
  PRIMARY KEY (`id`),
  KEY `team_id` (`team_id`),
  KEY `coach_type_id` (`coach_type_id`),
  KEY `salaries_id` (`salaries_id`),
  CONSTRAINT `coaches_ibfk_1` FOREIGN KEY (`team_id`) REFERENCES `teams` (`id`),
  CONSTRAINT `coaches_ibfk_2` FOREIGN KEY (`coach_type_id`) REFERENCES `coach_type` (`id`),
  CONSTRAINT `coaches_ibfk_3` FOREIGN KEY (`salaries_id`) REFERENCES `salaries` (`id`)
) ENGINE=InnoDB AUTO_INCREMENT=346 DEFAULT CHARSET=utf8mb4 COLLATE=utf8mb4_unicode_ci;
/*!40101 SET character_set_client = @saved_cs_client */;

--
-- Dumping data for table `coaches`
--

LOCK TABLES `coaches` WRITE;
/*!40000 ALTER TABLE `coaches` DISABLE KEYS */;
INSERT INTO `coaches` VALUES (1,1,'Torey Lovullo',1,NULL),(2,1,'Jerry Narron',2,NULL),(3,1,'Dave McKay',3,NULL),(4,1,'Tony Perezchica',4,NULL),(5,1,'Dave Magadan',5,NULL),(6,1,'Tim Laker',6,NULL),(7,1,'Mike Butcher',7,NULL),(8,1,'Mike Fetters',8,NULL),(9,1,'Nate Shaw',9,NULL),(10,1,'Ken Crenshaw',10,NULL),(11,1,'Mark Reed',11,NULL),(12,1,'Humberto Quintero',11,NULL),(13,1,'Ariel Prieto',12,NULL),(14,1,'Robby Hammock',12,NULL),(15,2,'Brian Snitker',1,NULL),(16,2,'Terry Pendleton',2,NULL),(17,2,'Eddie Perez',3,NULL),(18,2,'Ron Washington',4,NULL),(19,2,'Kevin Seitzer',5,NULL),(20,2,'Jose Castro',6,NULL),(21,2,'Chuck Hernandez',7,NULL),(22,2,'Marty Reed',8,NULL),(23,2,'Phil Falco',9,NULL),(24,2,'Jeff Porter',10,NULL),(25,2,'Alan Butts',11,NULL),(26,2,'Jose Yepez',11,NULL),(27,3,'Buck Showalter',1,NULL),(28,3,'John Russel',2,NULL),(29,3,'Wayne Kirby',3,NULL),(30,3,'Bobby Dickerson',4,NULL),(31,3,'Scott Coolbaugh',5,NULL),(32,3,'Roger McDowell',7,NULL),(33,3,'Alan Mills',8,NULL),(34,3,'Joe Hogarty',9,NULL),(35,3,'Richard L. Bancells',10,NULL),(36,3,'Rudy Arias',11,NULL),(37,3,'Einar Diaz',12,NULL),(38,4,'Alex Cora',1,NULL),(39,4,'Gary Disarcina',2,NULL),(40,4,'Ruben Amaro Jr.',3,NULL),(41,4,'Brian Butterfield',4,NULL),(42,4,'Chili Davis',5,NULL),(43,4,'Vic Rodriguez',6,NULL),(44,4,'Dana LeVangie',8,NULL),(45,4,'Pat Sandora',9,NULL),(46,4,'Rick Jameyson',10,NULL),(47,4,'Brian Bannister',12,NULL),(48,5,'Joe Maddon',1,NULL),(49,5,'Dave Martinez',2,NULL),(50,5,'Brandon Hyde',3,NULL),(51,5,'Gary Jones',4,NULL),(52,5,'John Mallee',5,NULL),(53,5,'Lester Strode',8,NULL),(54,5,'Tim Buss',9,NULL),(55,5,'PJ Mainville',10,NULL),(56,5,'Chad Noble',11,NULL),(57,5,'Henry Blanco',12,NULL),(58,5,'Mike Borzello5',12,NULL),(59,6,'Rick Renteria',1,NULL),(60,6,'Joe McEwing',2,NULL),(61,6,'Daryl Boston',3,NULL),(62,6,'Nick Capra',4,NULL),(63,6,'Todd Steverson',5,NULL),(64,6,'Greg Sparks',6,NULL),(65,6,'Don Cooper',7,NULL),(66,6,'Curt Hasler',8,NULL),(67,6,'Herm Schneider',10,NULL),(68,6,'Mark Salas',11,NULL),(69,6,'Jerry Hairston',12,NULL),(70,7,'Bryan Price',1,NULL),(71,7,'Jim Riggleman',2,NULL),(72,7,'Freddie Benavides',3,NULL),(73,7,'Billy Hatcher',4,NULL),(74,7,'Don Long',5,NULL),(75,7,'Tony Jaramillo',6,NULL),(76,7,'Mack Jenkins',7,NULL),(77,7,'Ted Power',8,NULL),(78,7,'Matt Krause',9,NULL),(79,7,'Paul Lessard',10,NULL),(80,7,'Dustin Hughes',11,NULL),(81,7,'Mike Stefanski',12,NULL),(82,8,'Terry Francona',1,NULL),(83,8,'Sandy Alomar',2,NULL),(84,8,'Mike Sarbaugh',3,NULL),(85,8,'Brad Mills',4,NULL),(86,8,'Ty Van Burkleo',5,NULL),(87,8,'Matt Quatraro',6,NULL),(88,8,'Jason Bere',8,NULL),(89,8,'Joe Kessler',9,NULL),(90,8,'Lonnie Soloff',10,NULL),(91,8,'Armando Camacaro',11,NULL),(92,8,'Ricky Pacione',11,NULL),(93,9,'Bud Black',1,NULL),(94,9,'Mike Redmond',2,NULL),(95,9,'Tony Diaz',3,NULL),(96,9,'Stu Cole',4,NULL),(97,9,'Duane Espy',5,NULL),(98,9,'Jeff Salazar',6,NULL),(99,9,'Steve Foster',7,NULL),(100,9,'Darren Holmes',8,NULL),(101,9,'Brian Jordan',9,NULL),(102,9,'Keith Dugger',10,NULL),(103,9,'Aaron Munoz',11,NULL),(104,9,'Ron Gideon',12,NULL),(105,10,'Ron Gardenhire',1,NULL),(106,10,'Gene Lamont',2,NULL),(107,10,'Omar Vizquel',3,NULL),(108,10,'Dave Clark',4,NULL),(109,10,'Lloyd McClendon',5,NULL),(110,10,'Leon Durham',6,NULL),(111,10,'Rich Dubee',7,NULL),(112,10,'Mick Billmeyer',8,NULL),(113,10,'Javair Gilett',9,NULL),(114,10,'Kevin Rand',10,NULL),(115,10,'John Murrian',11,NULL),(116,10,'Sam Palace',11,NULL),(117,10,'Matt Martin',12,NULL),(118,11,'A.J. Hinch',1,NULL),(119,11,'Alex Cora',2,NULL),(120,11,'Rich Dauer',3,NULL),(121,11,'Gary Pettis',4,NULL),(122,11,'Dave Hudgens',5,NULL),(123,11,'Alonzo Powell',6,NULL),(124,11,'Brent Strom',7,NULL),(125,11,'Craig Bjornson',8,NULL),(126,11,'Gene Coleman',9,NULL),(127,11,'Nathan Lucero',10,NULL),(128,11,'Javier Bracamonte',11,NULL),(129,11,'Carlos Munoz',11,NULL),(130,12,'Ned Yost',1,NULL),(131,12,'Don Wakamatsu',2,NULL),(132,12,'Rusty Kuntz',3,NULL),(133,12,'Mike Jirschele',4,NULL),(134,12,'Dale Sveum',5,NULL),(135,12,'Brian Buchanan',6,NULL),(136,12,'Doug Henry',8,NULL),(137,12,'Ty Hill',9,NULL),(138,12,'Nick Kenney',10,NULL),(139,12,'Ryan Eigsti',11,NULL),(140,12,'Pedro Grifol',12,NULL),(141,13,'Mike Scioscia',1,NULL),(142,13,'Dino Ebel',2,NULL),(143,13,'Alfredo Griffin',3,NULL),(144,13,'Ron Roenicke',4,NULL),(145,13,'Eric Hinske',5,NULL),(146,13,'Paul Sorrento',6,NULL),(147,13,'Charles Nagy',7,NULL),(148,13,'Scott Radinsky',8,NULL),(149,13,'T.J. Harrington',9,NULL),(150,13,'Adam Nevala',10,NULL),(151,13,'Tom Gregorio',11,NULL),(152,13,'Anel De Los Santos',11,NULL),(153,13,'Steve Soliz',12,NULL),(154,14,'Dave Roberts',1,NULL),(155,14,'Bob Geren',2,NULL),(156,14,'George Lombard',3,NULL),(157,14,'Chris Woodward',4,NULL),(158,14,'Turner Ward',5,NULL),(159,14,'Tim Hyers',6,NULL),(160,14,'Rick Honeycutt',7,NULL),(161,14,'Josh Bard',8,NULL),(162,14,'Stephen Downey',9,NULL),(163,14,'Rob Flippo',11,NULL),(164,14,'Steve Cilladi',11,NULL),(165,14,'Juan Castro',12,NULL),(166,14,'Steve Yeager',12,NULL),(167,15,'Don Mattingly',1,NULL),(168,15,'Tim Wallach',2,NULL),(169,15,'Perry Hill',3,NULL),(170,15,'Fredi Gonzalez',4,NULL),(171,15,'Mike Pagliarulo',5,NULL),(172,15,'Frank Menechino',6,NULL),(173,15,'Juan Nieves',7,NULL),(174,15,'Jeff Urgelles',8,NULL),(175,15,'Paul Fournier',9,NULL),(176,15,'Sean Cunningham',10,NULL),(177,15,'Lorenzo Bundy',12,NULL),(178,15,'Ed Lucas',12,NULL),(179,16,'Craig Counsell',1,NULL),(180,16,'Pat Murphy',2,NULL),(181,16,'Carlos Subero',3,NULL),(182,16,'Ed Sedar',4,NULL),(183,16,'Darnell Coles',5,NULL),(184,16,'Jason Lane',6,NULL),(185,16,'Derek Johnson',7,NULL),(186,16,'Lee Tunnell',8,NULL),(187,16,'Josh Seligman',9,NULL),(188,16,'Roger Caplinger',10,NULL),(189,16,'Marcus Hanel',11,NULL),(190,16,'Robinson Diaz',11,NULL),(191,16,'Joe Crawford',12,NULL),(192,17,'Paul Molitor',1,NULL),(193,17,'Derek Shelton',2,NULL),(194,17,'Jeff Smith',3,NULL),(195,17,'Gene Glynn',4,NULL),(196,17,'James Rowson',5,NULL),(197,17,'Rudy Hernandez',6,NULL),(198,17,'Garvin Alston',7,NULL),(199,17,'Eddie Guardado',8,NULL),(200,17,'Perry Castellano',9,NULL),(201,17,'Dave Pruemer',10,NULL),(202,17,'Nate Dammann',11,NULL),(203,17,'Jeff Pickler',12,NULL),(204,18,'Mickey Callaway',1,NULL),(205,18,'Gary DiSarcina',2,NULL),(206,18,'Glenn Sherlock',4,NULL),(207,18,'Pat Roessler',6,NULL),(208,18,'Ricky Bones',8,NULL),(209,18,'Jim Malone',9,NULL),(210,18,'Ray Ramirez',10,NULL),(211,18,'Eric Langill',11,NULL),(212,18,'Dave Racaniello',11,NULL),(213,19,'Joe Girardi',1,NULL),(214,19,'Rob Thomson',2,NULL),(215,19,'Tony Pena',3,NULL),(216,19,'Alan Cockrell',5,NULL),(217,19,'Marcus Thames',6,NULL),(218,19,'Larry Rothschild',7,NULL),(219,19,'Mike Harkey',8,NULL),(220,19,'Matt Krause',9,NULL),(221,19,'Steve Donohue',10,NULL),(222,19,'Roman Rodriguez',11,NULL),(223,20,'Bob Melvin',1,NULL),(224,20,'Mark Kotsay',2,NULL),(225,20,'Mike Aldrete',3,NULL),(226,20,'Chip Hale',4,NULL),(227,20,'Darren Bush',5,NULL),(228,20,'Marcus Jensen',6,NULL),(229,20,'Scott Emerson',7,NULL),(230,20,'Bob Alejo',9,NULL),(231,20,'Stephen Sayles',10,NULL),(232,20,'Philip Pohl',11,NULL),(233,21,'Pete Mackanin',1,NULL),(234,21,'Larry Bowa',2,NULL),(235,21,'Mickey Morandini',3,NULL),(236,21,'Juan Samuel',4,NULL),(237,21,'Bob McClure',7,NULL),(238,21,'John McLaren',8,NULL),(239,21,'Dong Lien',9,NULL),(240,21,'Scott Sheridan',10,NULL),(241,21,'Jesus Tiamo',11,NULL),(242,21,'Rick Kranitz',12,NULL),(243,22,'Clint Hurdle',1,NULL),(244,22,'Tom Prince',2,NULL),(245,22,'Jeff Branson',3,NULL),(246,22,'Kimera Bartee',4,NULL),(247,22,'Joey Cora',5,NULL),(248,22,'Jeff Livesey',6,NULL),(249,22,'Ray Searage',7,NULL),(250,22,'Euclides Rojas',8,NULL),(251,22,'Brendon Huttmann',9,NULL),(252,22,'Todd Tomczyk',10,NULL),(253,22,'Heberto Andrade',11,NULL),(254,22,'Dave Jauss',12,NULL),(255,23,'Andy Green',1,NULL),(256,23,'Mark McGwire',2,NULL),(257,23,'Jonny Washington',3,NULL),(258,23,'Glenn Hoffman',4,NULL),(259,23,'Matt Stairs',5,NULL),(260,23,'Darren Balsley',7,NULL),(261,23,'Boug Bochtler',8,NULL),(262,23,'Jim Malone',9,NULL),(263,23,'Todd Hutcheson',10,NULL),(264,23,'Griffin Benedict',11,NULL),(265,23,'Justin Hatcher',11,NULL),(266,23,'Ramon Vazquez',12,NULL),(267,23,'Jon Mathews',12,NULL),(268,24,'Bruce Bochy',1,NULL),(269,24,'Hensley Meulens',2,NULL),(270,24,'Jose Alguacil',3,NULL),(271,24,'Ron Wotus',4,NULL),(272,24,'Matt Herges',8,NULL),(273,24,'Ben Potenziano',9,NULL),(274,24,'Dave Groeschner',10,NULL),(275,24,'Taira Uematsu',11,NULL),(276,24,'Eli Whiteside',11,NULL),(277,24,'Chad Chop',12,NULL),(278,24,'Shawon Dunston',12,NULL),(279,25,'Scott Servais',1,NULL),(280,25,'Tim Bogar',2,NULL),(281,25,'Casey Candaele',3,NULL),(282,25,'Manny Acta',4,NULL),(283,25,'Edgar Martinez',5,NULL),(284,25,'Mel Stottlemyre',7,NULL),(285,25,'Allen Wirtala',9,NULL),(286,25,'Rick Griffin',10,NULL),(287,25,'Fleming Baez',11,NULL),(288,25,'Chris Prieto',12,NULL),(289,25,'Scott Brosius',12,NULL),(290,26,'Mike Matheny',1,NULL),(291,26,'Mike Shildt',2,NULL),(292,26,'Oliver Marmol',3,NULL),(293,26,'Jose Oquendo',4,NULL),(294,26,'John Mabry',5,NULL),(295,26,'Mark Budaska',6,NULL),(296,26,'Mike Maddux',7,NULL),(297,26,'Bryan Eversgerd',8,NULL),(298,26,'Pete Prinzi',9,NULL),(299,26,'Barry Weinberg',10,NULL),(300,26,'Jamie Pogue',11,NULL),(301,26,'Ron Warner',12,NULL),(302,26,'Willie McGee',12,NULL),(303,27,'Kevin Cash',1,NULL),(304,27,'Tom Foley',2,NULL),(305,27,'Rocco Baldelli',3,NULL),(306,27,'Charlie Montoyo',4,NULL),(307,27,'Chad Mottola',5,NULL),(308,27,'Stan Boroski',8,NULL),(309,27,'Kevn Barr',9,NULL),(310,27,'Ron Porterfield',10,NULL),(311,27,'Scott Cursi',11,NULL),(312,27,'Misha Dworken',11,NULL),(313,27,'Jamie Nelson',12,NULL),(314,28,'Jeff Banister',1,NULL),(315,28,'Don Wakamatsu',2,NULL),(316,28,'Steve Buechele',3,NULL),(317,28,'Tony Beasley',4,NULL),(318,28,'Anthony Iapoce',5,NULL),(319,28,'Justin Mashore',6,NULL),(320,28,'Doug Brocail',7,NULL),(321,28,'Hector Ortiz',8,NULL),(322,28,'Jose Vazquez',9,NULL),(323,28,'Jamie Reed',10,NULL),(324,28,'Josh Frazier',11,NULL),(325,28,'Dan Warthen',12,NULL),(326,29,'John Gibbons',1,NULL),(327,29,'DeMarlo Hale',2,NULL),(328,29,'Tim Leiper',3,NULL),(329,29,'Luis Rivera',4,NULL),(330,29,'Brook Jacoby',5,NULL),(331,29,'Pete Walker',7,NULL),(332,29,'Dane Johnson',8,NULL),(333,29,'George Poulis',9,NULL),(334,29,'Alex Andreopoulos',11,NULL),(335,29,'Jason Phillips',11,NULL),(336,30,'Dusty Baker',1,NULL),(337,30,'Chris Speier',2,NULL),(338,30,'Davey Lopes',3,NULL),(339,30,'Bob Henley',4,NULL),(340,30,'Kevin Long',5,NULL),(341,30,'Jacque Jones',6,NULL),(342,30,'Dan Firova',8,NULL),(343,30,'John Philbin',9,NULL),(344,30,'Lee Kuntz',10,NULL),(345,30,'Randy Knorr',12,NULL);
/*!40000 ALTER TABLE `coaches` ENABLE KEYS */;
UNLOCK TABLES;

--
-- Table structure for table `divisions`
--

DROP TABLE IF EXISTS `divisions`;
/*!40101 SET @saved_cs_client     = @@character_set_client */;
/*!40101 SET character_set_client = utf8 */;
CREATE TABLE `divisions` (
  `id` int(11) NOT NULL AUTO_INCREMENT,
  `name` varchar(80) COLLATE utf8mb4_unicode_ci DEFAULT NULL,
  PRIMARY KEY (`id`),
  UNIQUE KEY `name` (`name`)
) ENGINE=InnoDB AUTO_INCREMENT=7 DEFAULT CHARSET=utf8mb4 COLLATE=utf8mb4_unicode_ci;
/*!40101 SET character_set_client = @saved_cs_client */;

--
-- Dumping data for table `divisions`
--

LOCK TABLES `divisions` WRITE;
/*!40000 ALTER TABLE `divisions` DISABLE KEYS */;
INSERT INTO `divisions` VALUES (2,'American League Central'),(1,'American League East'),(3,'American League West'),(5,'National League Central'),(4,'National League East'),(6,'National League West');
/*!40000 ALTER TABLE `divisions` ENABLE KEYS */;
UNLOCK TABLES;

--
-- Table structure for table `fielding_stats`
--

DROP TABLE IF EXISTS `fielding_stats`;
/*!40101 SET @saved_cs_client     = @@character_set_client */;
/*!40101 SET character_set_client = utf8 */;
CREATE TABLE `fielding_stats` (
  `id` int(11) NOT NULL AUTO_INCREMENT,
  `player_id` int(11) NOT NULL,
  `put_outs` int(11) DEFAULT NULL,
  `ers` int(11) DEFAULT NULL,
  PRIMARY KEY (`id`),
  KEY `player_id` (`player_id`),
  CONSTRAINT `fielding_stats_ibfk_1` FOREIGN KEY (`player_id`) REFERENCES `players` (`id`)
) ENGINE=InnoDB AUTO_INCREMENT=2048 DEFAULT CHARSET=utf8mb4 COLLATE=utf8mb4_unicode_ci;
/*!40101 SET character_set_client = @saved_cs_client */;

--
-- Dumping data for table `fielding_stats`
--

LOCK TABLES `fielding_stats` WRITE;
/*!40000 ALTER TABLE `fielding_stats` DISABLE KEYS */;
INSERT INTO `fielding_stats` VALUES (1,1,4,0),(2,2,2,0),(3,3,3,0),(4,4,1,0),(5,5,1,0),(6,6,2,0),(7,7,3,0),(8,8,1,0),(9,9,5,0),(10,10,3,0),(11,11,1,0),(12,12,3,0),(13,13,1,0),(14,14,89,0),(15,15,1,0),(16,16,25,0),(17,17,0,0),(18,18,19,0),(19,19,0,0),(20,20,6,0),(21,21,99,0),(22,22,31,0),(23,23,6,0),(24,24,1,0),(25,25,1378,4),(26,26,241,1),(27,27,237,2),(28,28,799,7),(29,29,241,10),(30,30,62,1),(31,31,20,1),(32,32,185,8),(33,33,173,6),(34,34,111,10),(35,35,194,7),(36,36,188,7),(37,37,3,1),(38,38,9,1),(39,39,17,1),(40,40,92,20),(41,41,46,3),(42,42,36,3),(43,43,3,2),(44,44,5,2),(45,45,1,1),(46,46,5,2),(47,47,1,1),(48,48,0,0),(49,49,0,0),(50,50,0,0),(51,51,1,0),(52,52,11,0),(53,53,21,0),(54,54,5,0),(55,55,1,0),(56,56,0,0),(57,57,2,0),(58,58,1,0),(59,59,4,0),(60,60,1,0),(61,61,1,0),(62,62,13,0),(63,63,110,0),(64,64,0,0),(65,65,0,0),(66,66,1,0),(67,67,0,0),(68,68,56,0),(69,69,76,0),(70,70,127,0),(71,71,0,0),(72,72,4,0),(73,73,349,2),(74,74,323,2),(75,75,1330,10),(76,76,117,1),(77,77,277,8),(78,78,871,11),(79,79,140,6),(80,80,53,3),(81,81,162,13),(82,82,196,6),(83,83,4,1),(84,84,12,2),(85,85,11,1),(86,86,5,2),(87,87,5,2),(88,88,1,1),(89,89,5,3),(90,90,0,4),(91,91,0,1),(92,92,0,1),(93,93,0,0),(94,94,0,0),(95,95,0,0),(96,96,0,0),(97,97,0,0),(98,98,0,0),(99,99,2,0),(100,100,6,0),(101,101,0,0),(102,102,0,0),(103,103,258,0),(104,104,0,0),(105,105,3,0),(106,106,5,0),(107,107,5,0),(108,108,5,0),(109,109,0,0),(110,110,4,0),(111,111,89,0),(112,112,103,0),(113,113,1,0),(114,114,561,1),(115,115,346,1),(116,116,1000,4),(117,117,423,2),(118,118,365,3),(119,119,245,6),(120,120,76,1),(121,121,55,1),(122,122,133,4),(123,123,195,12),(124,124,328,16),(125,125,25,1),(126,126,20,3),(127,127,6,1),(128,128,14,2),(129,129,8,2),(130,130,9,1),(131,131,4,1),(132,132,2,1),(133,133,3,1),(134,134,8,3),(135,135,2,1),(136,136,3,1),(137,137,0,1),(138,138,3,1),(139,139,2,1),(140,140,1,1),(141,141,1,1),(142,142,0,1),(143,143,0,0),(144,144,0,0),(145,145,0,0),(146,146,0,0),(147,147,0,0),(148,148,6,0),(149,149,3,0),(150,150,0,0),(151,151,1,0),(152,152,3,0),(153,153,0,0),(154,154,0,0),(155,155,20,0),(156,156,2,0),(157,157,0,0),(158,158,9,0),(159,159,0,0),(160,160,0,0),(161,161,0,0),(162,162,2,0),(163,163,11,0),(164,164,1,0),(165,165,3,0),(166,166,3,0),(167,167,2,0),(168,168,29,0),(169,169,4,0),(170,170,2,0),(171,171,0,0),(172,172,1,0),(173,173,5,0),(174,174,4,0),(175,175,1,0),(176,176,2,0),(177,177,1168,8),(178,178,817,7),(179,179,92,1),(180,180,276,3),(181,181,94,1),(182,182,333,4),(183,183,111,3),(184,184,93,3),(185,185,192,10),(186,186,136,3),(187,187,23,1),(188,188,249,14),(189,189,309,8),(190,190,186,5),(191,191,5,1),(192,192,106,23),(193,193,2,1),(194,194,8,1),(195,195,10,1),(196,196,0,1),(197,197,1,2),(198,198,18,0),(199,199,3,0),(200,200,1,0),(201,201,17,0),(202,202,18,0),(203,203,42,0),(204,204,6,0),(205,205,0,0),(206,206,4,0),(207,207,0,0),(208,208,10,0),(209,209,22,0),(210,210,1,0),(211,211,0,0),(212,212,0,0),(213,213,7,0),(214,214,0,0),(215,215,0,0),(216,216,1,0),(217,217,5,0),(218,218,0,0),(219,219,2,0),(220,220,1,0),(221,221,7,0),(222,222,0,0),(223,223,6,0),(224,224,476,2),(225,225,539,3),(226,226,359,3),(227,227,513,5),(228,228,183,2),(229,229,199,3),(230,230,831,13),(231,231,215,12),(232,232,53,1),(233,233,198,12),(234,234,235,5),(235,235,136,7),(236,236,75,2),(237,237,19,1),(238,238,43,7),(239,239,21,1),(240,240,44,4),(241,241,5,1),(242,242,16,3),(243,243,4,1),(244,244,0,1),(245,245,0,0),(246,246,0,0),(247,247,2,0),(248,248,5,0),(249,249,1,0),(250,250,4,0),(251,251,3,0),(252,252,1,0),(253,253,1,0),(254,254,3,0),(255,255,26,0),(256,256,14,0),(257,257,153,1),(258,258,939,7),(259,259,134,1),(260,260,276,6),(261,261,293,3),(262,262,251,3),(263,263,554,7),(264,264,451,7),(265,265,110,2),(266,266,236,5),(267,267,47,1),(268,268,89,2),(269,269,139,10),(270,270,79,2),(271,271,176,7),(272,272,99,13),(273,273,68,6),(274,274,66,3),(275,275,6,1),(276,276,12,2),(277,277,8,1),(278,278,13,2),(279,279,3,2),(280,280,5,1),(281,281,0,1),(282,282,4,1),(283,283,3,1),(284,284,1,1),(285,285,3,3),(286,286,3,1),(287,287,3,2),(288,288,2,2),(289,289,1,1),(290,290,0,1),(291,291,1,1),(292,292,0,0),(293,293,22,0),(294,294,6,0),(295,295,59,0),(296,296,1,0),(297,297,2,0),(298,298,3,0),(299,299,9,0),(300,300,2,0),(301,301,2,0),(302,302,5,0),(303,303,0,0),(304,304,36,0),(305,305,17,0),(306,306,1,0),(307,307,1,0),(308,308,11,0),(309,309,5,0),(310,310,1,0),(311,311,0,0),(312,312,0,0),(313,313,4,0),(314,314,35,0),(315,315,1,0),(316,316,756,4),(317,317,1188,7),(318,318,180,5),(319,319,524,5),(320,320,130,2),(321,321,303,9),(322,322,79,1),(323,323,267,4),(324,324,223,4),(325,325,7,1),(326,326,201,6),(327,327,16,1),(328,328,66,9),(329,329,54,6),(330,330,38,3),(331,331,13,2),(332,332,2,2),(333,333,6,1),(334,334,4,1),(335,335,3,1),(336,336,1,1),(337,337,0,0),(338,338,2,0),(339,339,6,0),(340,340,0,0),(341,341,0,0),(342,342,258,0),(343,343,0,0),(344,344,3,0),(345,345,5,0),(346,346,5,0),(347,347,5,0),(348,348,0,0),(349,349,4,0),(350,350,89,0),(351,351,103,0),(352,352,1,0),(353,353,561,1),(354,354,346,1),(355,355,1000,4),(356,356,423,2),(357,357,365,3),(358,358,245,6),(359,359,76,1),(360,360,55,1),(361,361,133,4),(362,362,195,12),(363,363,328,16),(364,364,25,1),(365,365,20,3),(366,366,6,1),(367,367,14,2),(368,368,8,2),(369,369,9,1),(370,370,4,1),(371,371,2,1),(372,372,3,1),(373,373,8,3),(374,374,2,1),(375,375,3,1),(376,376,0,1),(377,377,3,1),(378,378,2,1),(379,379,1,1),(380,380,1,1),(381,381,0,1),(382,382,0,0),(383,383,0,0),(384,384,0,0),(385,385,0,0),(386,386,0,0),(387,387,6,0),(388,388,3,0),(389,389,0,0),(390,390,1,0),(391,391,3,0),(392,392,0,0),(393,393,0,0),(394,394,20,0),(395,395,2,0),(396,396,0,0),(397,397,9,0),(398,398,0,0),(399,399,0,0),(400,400,0,0),(401,401,2,0),(402,402,11,0),(403,403,1,0),(404,404,3,0),(405,405,3,0),(406,406,2,0),(407,407,29,0),(408,408,4,0),(409,409,2,0),(410,410,0,0),(411,411,1,0),(412,412,5,0),(413,413,4,0),(414,414,1,0),(415,415,2,0),(416,416,1168,8),(417,417,817,7),(418,418,92,1),(419,419,276,3),(420,420,94,1),(421,421,333,4),(422,422,111,3),(423,423,93,3),(424,424,192,10),(425,425,136,3),(426,426,23,1),(427,427,249,14),(428,428,309,8),(429,429,186,5),(430,430,5,1),(431,431,106,23),(432,432,2,1),(433,433,8,1),(434,434,10,1),(435,435,0,1),(436,436,1,2),(437,437,18,0),(438,438,3,0),(439,439,1,0),(440,440,17,0),(441,441,18,0),(442,442,42,0),(443,443,6,0),(444,444,0,0),(445,445,4,0),(446,446,0,0),(447,447,10,0),(448,448,22,0),(449,449,1,0),(450,450,0,0),(451,451,0,0),(452,452,7,0),(453,453,0,0),(454,454,0,0),(455,455,1,0),(456,456,5,0),(457,457,0,0),(458,458,2,0),(459,459,1,0),(460,460,7,0),(461,461,0,0),(462,462,6,0),(463,463,476,2),(464,464,539,3),(465,465,359,3),(466,466,513,5),(467,467,183,2),(468,468,199,3),(469,469,831,13),(470,470,215,12),(471,471,53,1),(472,472,198,12),(473,473,235,5),(474,474,136,7),(475,475,75,2),(476,476,19,1),(477,477,43,7),(478,478,21,1),(479,479,44,4),(480,480,5,1),(481,481,16,3),(482,482,4,1),(483,483,0,1),(484,484,0,0),(485,485,0,0),(486,486,2,0),(487,487,5,0),(488,488,1,0),(489,489,4,0),(490,490,3,0),(491,491,1,0),(492,492,1,0),(493,493,3,0),(494,494,26,0),(495,495,14,0),(496,496,153,1),(497,497,939,7),(498,498,134,1),(499,499,276,6),(500,500,293,3),(501,501,251,3),(502,502,1240,6),(503,503,451,7),(504,504,110,2),(505,505,992,4),(506,506,47,1),(507,507,89,2),(508,508,139,10),(509,509,79,2),(510,510,176,7),(511,511,222,2),(512,512,68,6),(513,513,66,3),(514,514,6,1),(515,515,12,2),(516,516,8,1),(517,517,13,2),(518,518,3,2),(519,519,5,1),(520,520,0,1),(521,521,4,1),(522,522,3,1),(523,523,1,1),(524,524,3,3),(525,525,3,1),(526,526,3,2),(527,527,2,2),(528,528,1,1),(529,529,0,1),(530,530,1,1),(531,531,0,0),(532,532,22,0),(533,533,6,0),(534,534,59,0),(535,535,1,0),(536,536,2,0),(537,537,3,0),(538,538,9,0),(539,539,2,0),(540,540,2,0),(541,541,5,0),(542,542,0,0),(543,543,36,0),(544,544,17,0),(545,545,1,0),(546,546,1,0),(547,547,11,0),(548,548,5,0),(549,549,1,0),(550,550,0,0),(551,551,0,0),(552,552,4,0),(553,553,35,0),(554,554,1,0),(555,555,756,4),(556,556,1188,7),(557,557,180,5),(558,558,524,5),(559,559,130,2),(560,560,303,9),(561,561,79,1),(562,562,267,4),(563,563,223,4),(564,564,7,1),(565,565,201,6),(566,566,16,1),(567,567,66,9),(568,568,54,6),(569,569,38,3),(570,570,13,2),(571,571,2,2),(572,572,6,1),(573,573,4,1),(574,574,3,1),(575,575,1,1),(576,576,20,0),(577,577,9,0),(578,578,1,0),(579,579,13,0),(580,580,39,0),(581,581,3,0),(582,582,2,0),(583,583,0,0),(584,584,9,0),(585,585,1,0),(586,586,2,0),(587,587,1,0),(588,588,54,0),(589,589,17,0),(590,590,0,0),(591,591,5,0),(592,592,1,0),(593,593,1,0),(594,594,992,4),(595,595,1240,6),(596,596,54,1),(597,597,222,2),(598,598,196,2),(599,599,257,3),(600,600,235,4),(601,601,130,5),(602,602,290,6),(603,603,221,14),(604,604,78,4),(605,605,66,4),(606,606,13,1),(607,607,29,2),(608,608,23,1),(609,609,77,16),(610,610,1,1),(611,611,6,5),(612,612,1,3),(613,613,5,3),(614,614,2,2),(615,615,2,3),(616,616,1,1),(617,617,1,1),(618,618,0,0),(619,619,51,0),(620,620,2,0),(621,621,1,0),(622,622,0,0),(623,623,4,0),(624,624,28,0),(625,625,1,0),(626,626,5,0),(627,627,3,0),(628,628,4,0),(629,629,0,0),(630,630,0,0),(631,631,1,0),(632,632,2,0),(633,633,6,0),(634,634,3,0),(635,635,2,0),(636,636,1,0),(637,637,0,0),(638,638,0,0),(639,639,0,0),(640,640,9,0),(641,641,6,0),(642,642,2,0),(643,643,1,0),(644,644,1105,2),(645,645,380,1),(646,646,1046,5),(647,647,258,2),(648,648,195,5),(649,649,73,1),(650,650,224,5),(651,651,50,1),(652,652,86,2),(653,653,96,2),(654,654,19,1),(655,655,172,4),(656,656,76,2),(657,657,68,9),(658,658,195,18),(659,659,55,2),(660,660,22,2),(661,661,79,4),(662,662,2,1),(663,663,1,1),(664,664,17,3),(665,665,3,1),(666,666,2,1),(667,667,0,1),(668,668,3,0),(669,669,3,0),(670,670,0,0),(671,671,3,0),(672,672,3,0),(673,673,2,0),(674,674,6,0),(675,675,2,0),(676,676,2,0),(677,677,7,0),(678,678,137,1),(679,679,1316,11),(680,680,105,1),(681,681,614,6),(682,682,70,2),(683,683,486,7),(684,684,209,3),(685,685,190,3),(686,686,55,1),(687,687,106,2),(688,688,98,5),(689,689,206,14),(690,690,143,4),(691,691,28,1),(692,692,8,1),(693,693,177,13),(694,694,7,1),(695,695,198,29),(696,696,18,1),(697,697,33,5),(698,698,19,2),(699,699,8,2),(700,700,11,1),(701,701,10,2),(702,702,5,3),(703,703,8,5),(704,704,1,1),(705,705,2,1),(706,706,1,1),(707,707,1,1),(708,708,2,3),(709,709,0,1),(710,710,0,1),(711,711,0,1),(712,712,0,0),(713,713,0,0),(714,714,0,0),(715,715,0,0),(716,716,0,0),(717,717,0,0),(718,718,1,0),(719,719,0,0),(720,720,1,0),(721,721,0,0),(722,722,12,0),(723,723,3,0),(724,724,0,0),(725,725,5,0),(726,726,2,0),(727,727,4,0),(728,728,0,0),(729,729,3,0),(730,730,3,0),(731,731,1,0),(732,732,3,0),(733,733,38,0),(734,734,0,0),(735,735,811,2),(736,736,240,1),(737,737,189,1),(738,738,187,1),(739,739,679,5),(740,740,286,8),(741,741,243,4),(742,742,321,6),(743,743,176,4),(744,744,29,1),(745,745,143,4),(746,746,137,7),(747,747,105,10),(748,748,229,7),(749,749,20,1),(750,750,50,2),(751,751,86,11),(752,752,6,1),(753,753,9,1),(754,754,122,8),(755,755,61,15),(756,756,1,1),(757,757,3,1),(758,758,110,18),(759,759,2,1),(760,760,4,3),(761,761,3,1),(762,762,1,1),(763,763,0,0),(764,764,0,0),(765,765,0,0),(766,766,89,0),(767,767,170,0),(768,768,1,0),(769,769,3,0),(770,770,0,0),(771,771,39,0),(772,772,3,0),(773,773,1,0),(774,774,4,0),(775,775,4,0),(776,776,2,0),(777,777,0,0),(778,778,0,0),(779,779,1,0),(780,780,21,0),(781,781,0,0),(782,782,2,0),(783,783,2,0),(784,784,3,0),(785,785,18,0),(786,786,3,0),(787,787,336,1),(788,788,867,3),(789,789,778,4),(790,790,186,1),(791,791,304,3),(792,792,272,3),(793,793,84,1),(794,794,250,3),(795,795,227,12),(796,796,39,3),(797,797,199,5),(798,798,11,1),(799,799,180,15),(800,800,35,1),(801,801,90,10),(802,802,12,1),(803,803,6,1),(804,804,16,1),(805,805,9,2),(806,806,1,1),(807,807,4,1),(808,808,4,2),(809,809,2,1),(810,810,2,4),(811,811,4,3),(812,812,1,1),(813,813,0,1),(814,814,0,1),(815,815,0,0),(816,816,12,0),(817,817,0,0),(818,818,2,0),(819,819,1,0),(820,820,1,0),(821,821,1,0),(822,822,2,0),(823,823,0,0),(824,824,15,0),(825,825,3,0),(826,826,3,0),(827,827,3,0),(828,828,83,0),(829,829,2,0),(830,830,3,0),(831,831,31,0),(832,832,1,0),(833,833,164,0),(834,834,1,0),(835,835,0,0),(836,836,2,0),(837,837,0,0),(838,838,1157,5),(839,839,178,1),(840,840,181,1),(841,841,50,1),(842,842,767,7),(843,843,53,1),(844,844,34,1),(845,845,151,2),(846,846,72,1),(847,847,126,2),(848,848,141,6),(849,849,45,2),(850,850,157,3),(851,851,97,2),(852,852,40,1),(853,853,235,21),(854,854,159,5),(855,855,242,14),(856,856,10,1),(857,857,42,9),(858,858,5,1),(859,859,15,3),(860,860,4,2),(861,861,3,1),(862,862,2,2),(863,863,4,2),(864,864,0,0),(865,865,0,0),(866,866,27,0),(867,867,1,0),(868,868,3,0),(869,869,1,0),(870,870,13,0),(871,871,67,0),(872,872,9,0),(873,873,0,0),(874,874,1,0),(875,875,8,0),(876,876,2,0),(877,877,1,0),(878,878,17,0),(879,879,2,0),(880,880,38,0),(881,881,1,0),(882,882,1,0),(883,883,2,0),(884,884,7,0),(885,885,2,0),(886,886,1,0),(887,887,0,0),(888,888,4,0),(889,889,202,1),(890,890,825,5),(891,891,393,3),(892,892,109,1),(893,893,104,1),(894,894,612,7),(895,895,78,1),(896,896,210,8),(897,897,56,1),(898,898,557,11),(899,899,247,12),(900,900,18,1),(901,901,372,9),(902,902,33,1),(903,903,88,3),(904,904,82,6),(905,905,7,1),(906,906,93,13),(907,907,7,1),(908,908,3,2),(909,909,5,4),(910,910,1,2),(911,911,1,2),(912,912,0,1),(913,913,0,0),(914,914,0,0),(915,915,26,0),(916,916,43,0),(917,917,0,0),(918,918,1,0),(919,919,4,0),(920,920,1,0),(921,921,2,0),(922,922,0,0),(923,923,0,0),(924,924,2,0),(925,925,31,0),(926,926,0,0),(927,927,1,0),(928,928,5,0),(929,929,1,0),(930,930,2,0),(931,931,1,0),(932,932,4,0),(933,933,3,0),(934,934,1261,3),(935,935,221,1),(936,936,190,1),(937,937,882,9),(938,938,263,3),(939,939,165,2),(940,940,165,2),(941,941,36,1),(942,942,61,2),(943,943,114,6),(944,944,47,1),(945,945,104,3),(946,946,14,1),(947,947,61,2),(948,948,11,1),(949,949,145,6),(950,950,155,14),(951,951,102,11),(952,952,46,5),(953,953,10,1),(954,954,56,8),(955,955,1,1),(956,956,9,2),(957,957,2,1),(958,958,22,5),(959,959,2,1),(960,960,4,1),(961,961,12,3),(962,962,0,1),(963,963,14,2),(964,964,12,2),(965,965,20,0),(966,966,9,0),(967,967,1,0),(968,968,13,0),(969,969,39,0),(970,970,3,0),(971,971,2,0),(972,972,0,0),(973,973,9,0),(974,974,1,0),(975,975,2,0),(976,976,1,0),(977,977,54,0),(978,978,17,0),(979,979,0,0),(980,980,5,0),(981,981,1,0),(982,982,1,0),(983,983,992,4),(984,984,1240,6),(985,985,54,1),(986,986,222,2),(987,987,196,2),(988,988,257,3),(989,989,235,4),(990,990,130,5),(991,991,290,6),(992,992,221,14),(993,993,78,4),(994,994,66,4),(995,995,13,1),(996,996,29,2),(997,997,23,1),(998,998,77,16),(999,999,1,1),(1000,1000,6,5),(1001,1001,1,3),(1002,1002,5,3),(1003,1003,2,2),(1004,1004,2,3),(1005,1005,1,1),(1006,1006,1,1),(1007,1007,0,0),(1008,1008,51,0),(1009,1009,2,0),(1010,1010,1,0),(1011,1011,0,0),(1012,1012,4,0),(1013,1013,28,0),(1014,1014,1,0),(1015,1015,5,0),(1016,1016,3,0),(1017,1017,4,0),(1018,1018,0,0),(1019,1019,0,0),(1020,1020,1,0),(1021,1021,2,0),(1022,1022,6,0),(1023,1023,3,0),(1024,1024,2,0),(1025,1025,1,0),(1026,1026,0,0),(1027,1027,0,0),(1028,1028,0,0),(1029,1029,9,0),(1030,1030,6,0),(1031,1031,2,0),(1032,1032,1,0),(1033,1033,1105,2),(1034,1034,380,1),(1035,1035,1046,5),(1036,1036,258,2),(1037,1037,195,5),(1038,1038,73,1),(1039,1039,224,5),(1040,1040,50,1),(1041,1041,86,2),(1042,1042,96,2),(1043,1043,19,1),(1044,1044,172,4),(1045,1045,76,2),(1046,1046,68,9),(1047,1047,195,18),(1048,1048,55,2),(1049,1049,22,2),(1050,1050,79,4),(1051,1051,2,1),(1052,1052,1,1),(1053,1053,17,3),(1054,1054,3,1),(1055,1055,2,1),(1056,1056,0,1),(1057,1057,3,0),(1058,1058,3,0),(1059,1059,0,0),(1060,1060,3,0),(1061,1061,3,0),(1062,1062,2,0),(1063,1063,6,0),(1064,1064,2,0),(1065,1065,2,0),(1066,1066,7,0),(1067,1067,137,1),(1068,1068,1316,11),(1069,1069,105,1),(1070,1070,614,6),(1071,1071,70,2),(1072,1072,486,7),(1073,1073,209,3),(1074,1074,190,3),(1075,1075,55,1),(1076,1076,106,2),(1077,1077,98,5),(1078,1078,206,14),(1079,1079,143,4),(1080,1080,28,1),(1081,1081,8,1),(1082,1082,177,13),(1083,1083,7,1),(1084,1084,198,29),(1085,1085,18,1),(1086,1086,33,5),(1087,1087,19,2),(1088,1088,8,2),(1089,1089,11,1),(1090,1090,10,2),(1091,1091,5,3),(1092,1092,8,5),(1093,1093,1,1),(1094,1094,2,1),(1095,1095,1,1),(1096,1096,1,1),(1097,1097,2,3),(1098,1098,0,1),(1099,1099,0,1),(1100,1100,0,1),(1101,1101,0,0),(1102,1102,0,0),(1103,1103,0,0),(1104,1104,0,0),(1105,1105,0,0),(1106,1106,0,0),(1107,1107,1,0),(1108,1108,0,0),(1109,1109,1,0),(1110,1110,0,0),(1111,1111,12,0),(1112,1112,3,0),(1113,1113,0,0),(1114,1114,5,0),(1115,1115,2,0),(1116,1116,4,0),(1117,1117,0,0),(1118,1118,3,0),(1119,1119,3,0),(1120,1120,1,0),(1121,1121,3,0),(1122,1122,38,0),(1123,1123,0,0),(1124,1124,811,2),(1125,1125,240,1),(1126,1126,189,1),(1127,1127,187,1),(1128,1128,679,5),(1129,1129,286,8),(1130,1130,243,4),(1131,1131,321,6),(1132,1132,176,4),(1133,1133,29,1),(1134,1134,143,4),(1135,1135,137,7),(1136,1136,105,10),(1137,1137,229,7),(1138,1138,20,1),(1139,1139,50,2),(1140,1140,86,11),(1141,1141,6,1),(1142,1142,9,1),(1143,1143,122,8),(1144,1144,61,15),(1145,1145,1,1),(1146,1146,3,1),(1147,1147,110,18),(1148,1148,2,1),(1149,1149,4,3),(1150,1150,3,1),(1151,1151,1,1),(1152,1152,0,0),(1153,1153,0,0),(1154,1154,0,0),(1155,1155,89,0),(1156,1156,170,0),(1157,1157,1,0),(1158,1158,3,0),(1159,1159,0,0),(1160,1160,39,0),(1161,1161,3,0),(1162,1162,1,0),(1163,1163,4,0),(1164,1164,4,0),(1165,1165,2,0),(1166,1166,0,0),(1167,1167,0,0),(1168,1168,1,0),(1169,1169,21,0),(1170,1170,0,0),(1171,1171,2,0),(1172,1172,2,0),(1173,1173,3,0),(1174,1174,18,0),(1175,1175,3,0),(1176,1176,336,1),(1177,1177,867,3),(1178,1178,778,4),(1179,1179,186,1),(1180,1180,304,3),(1181,1181,272,3),(1182,1182,84,1),(1183,1183,250,3),(1184,1184,227,12),(1185,1185,39,3),(1186,1186,199,5),(1187,1187,11,1),(1188,1188,180,15),(1189,1189,35,1),(1190,1190,90,10),(1191,1191,12,1),(1192,1192,6,1),(1193,1193,16,1),(1194,1194,9,2),(1195,1195,1,1),(1196,1196,4,1),(1197,1197,4,2),(1198,1198,2,1),(1199,1199,2,4),(1200,1200,4,3),(1201,1201,1,1),(1202,1202,0,1),(1203,1203,0,1),(1204,1204,0,0),(1205,1205,12,0),(1206,1206,0,0),(1207,1207,2,0),(1208,1208,1,0),(1209,1209,1,0),(1210,1210,1,0),(1211,1211,2,0),(1212,1212,0,0),(1213,1213,15,0),(1214,1214,3,0),(1215,1215,3,0),(1216,1216,3,0),(1217,1217,83,0),(1218,1218,2,0),(1219,1219,3,0),(1220,1220,31,0),(1221,1221,1,0),(1222,1222,164,0),(1223,1223,1,0),(1224,1224,0,0),(1225,1225,2,0),(1226,1226,0,0),(1227,1227,1157,5),(1228,1228,178,1),(1229,1229,181,1),(1230,1230,50,1),(1231,1231,767,7),(1232,1232,53,1),(1233,1233,34,1),(1234,1234,151,2),(1235,1235,72,1),(1236,1236,126,2),(1237,1237,141,6),(1238,1238,45,2),(1239,1239,157,3),(1240,1240,97,2),(1241,1241,40,1),(1242,1242,235,21),(1243,1243,159,5),(1244,1244,242,14),(1245,1245,10,1),(1246,1246,42,9),(1247,1247,5,1),(1248,1248,15,3),(1249,1249,4,2),(1250,1250,3,1),(1251,1251,2,2),(1252,1252,4,2),(1253,1253,0,0),(1254,1254,0,0),(1255,1255,27,0),(1256,1256,1,0),(1257,1257,3,0),(1258,1258,1,0),(1259,1259,13,0),(1260,1260,67,0),(1261,1261,9,0),(1262,1262,0,0),(1263,1263,1,0),(1264,1264,8,0),(1265,1265,2,0),(1266,1266,1,0),(1267,1267,17,0),(1268,1268,2,0),(1269,1269,38,0),(1270,1270,1,0),(1271,1271,1,0),(1272,1272,2,0),(1273,1273,7,0),(1274,1274,2,0),(1275,1275,1,0),(1276,1276,0,0),(1277,1277,4,0),(1278,1278,202,1),(1279,1279,825,5),(1280,1280,393,3),(1281,1281,109,1),(1282,1282,104,1),(1283,1283,612,7),(1284,1284,78,1),(1285,1285,210,8),(1286,1286,56,1),(1287,1287,557,11),(1288,1288,247,12),(1289,1289,18,1),(1290,1290,372,9),(1291,1291,33,1),(1292,1292,88,3),(1293,1293,82,6),(1294,1294,7,1),(1295,1295,93,13),(1296,1296,7,1),(1297,1297,3,2),(1298,1298,5,4),(1299,1299,1,2),(1300,1300,1,2),(1301,1301,0,1),(1302,1302,0,0),(1303,1303,0,0),(1304,1304,26,0),(1305,1305,43,0),(1306,1306,0,0),(1307,1307,1,0),(1308,1308,4,0),(1309,1309,1,0),(1310,1310,2,0),(1311,1311,0,0),(1312,1312,0,0),(1313,1313,2,0),(1314,1314,31,0),(1315,1315,0,0),(1316,1316,1,0),(1317,1317,5,0),(1318,1318,1,0),(1319,1319,2,0),(1320,1320,1,0),(1321,1321,4,0),(1322,1322,3,0),(1323,1323,1261,3),(1324,1324,221,1),(1325,1325,190,1),(1326,1326,882,9),(1327,1327,263,3),(1328,1328,165,2),(1329,1329,165,2),(1330,1330,36,1),(1331,1331,61,2),(1332,1332,114,6),(1333,1333,47,1),(1334,1334,104,3),(1335,1335,14,1),(1336,1336,61,2),(1337,1337,11,1),(1338,1338,145,6),(1339,1339,155,14),(1340,1340,102,11),(1341,1341,46,5),(1342,1342,10,1),(1343,1343,56,8),(1344,1344,1,1),(1345,1345,9,2),(1346,1346,2,1),(1347,1347,22,5),(1348,1348,2,1);
/*!40000 ALTER TABLE `fielding_stats` ENABLE KEYS */;
UNLOCK TABLES;

--
-- Table structure for table `pitching_stats`
--

DROP TABLE IF EXISTS `pitching_stats`;
/*!40101 SET @saved_cs_client     = @@character_set_client */;
/*!40101 SET character_set_client = utf8 */;
CREATE TABLE `pitching_stats` (
  `id` int(11) NOT NULL AUTO_INCREMENT,
  `player_id` int(11) NOT NULL,
  `wins` int(11) DEFAULT NULL,
  `losses` int(11) DEFAULT NULL,
  `era` int(11) DEFAULT NULL,
  `games_pitched` int(11) DEFAULT NULL,
  `earned_runs` int(11) DEFAULT NULL,
  `innings_pitched` int(11) DEFAULT NULL,
  `strike_outs` int(11) DEFAULT NULL,
  PRIMARY KEY (`id`),
  KEY `player_id` (`player_id`),
  CONSTRAINT `pitching_stats_ibfk_1` FOREIGN KEY (`player_id`) REFERENCES `players` (`id`)
) ENGINE=InnoDB AUTO_INCREMENT=1024 DEFAULT CHARSET=utf8mb4 COLLATE=utf8mb4_unicode_ci;
/*!40101 SET character_set_client = @saved_cs_client */;

--
-- Dumping data for table `pitching_stats`
--

LOCK TABLES `pitching_stats` WRITE;
/*!40000 ALTER TABLE `pitching_stats` DISABLE KEYS */;
INSERT INTO `pitching_stats` VALUES (1,2,5,13,5,36,89,155,131),(2,17,13,7,4,26,77,158,134),(3,19,8,15,5,32,95,174,218),(4,24,3,12,6,20,69,101,70),(5,25,4,5,5,13,41,70,43),(6,26,5,4,6,27,53,74,60),(7,27,4,5,4,13,24,50,54),(8,28,8,9,5,26,79,141,143),(9,29,0,2,7,26,20,24,17),(10,30,0,0,2,3,1,4,3),(11,31,0,0,3,1,2,5,4),(12,32,5,2,4,79,37,75,68),(13,33,1,2,7,25,19,23,17),(14,35,1,1,2,7,4,18,10),(15,36,1,0,2,3,2,10,7),(16,37,1,2,3,68,23,59,56),(17,38,1,2,6,43,26,41,43),(18,39,0,1,7,32,17,22,28),(19,40,2,3,4,40,18,37,46),(20,41,1,0,5,15,12,22,17),(21,42,0,1,7,21,10,13,10),(22,43,0,0,5,1,1,2,2),(23,44,0,0,5,24,8,14,15),(24,45,0,0,9,2,3,3,2),(25,46,3,2,5,70,35,60,58),(26,47,0,1,6,25,19,27,23),(27,48,1,0,15,8,10,6,3),(28,49,0,1,9,15,15,15,9),(29,50,2,3,3,36,12,38,27),(30,61,1,2,5,5,16,26,27),(31,74,7,10,3,30,67,188,167),(32,76,1,2,7,5,18,24,25),(33,77,0,7,5,22,34,62,37),(34,78,3,7,4,22,33,70,60),(35,80,7,13,5,27,87,156,115),(36,81,3,7,4,22,33,70,60),(37,82,2,7,8,15,59,70,46),(38,83,2,0,2,3,5,19,16),(39,84,1,4,5,20,27,50,49),(40,85,2,2,3,5,11,29,21),(41,86,1,1,8,2,8,9,6),(42,87,2,4,6,14,34,52,26),(43,88,2,6,3,65,22,64,68),(44,89,0,3,6,10,14,21,7),(45,90,2,0,3,63,18,51,56),(46,91,2,3,6,11,36,53,27),(47,93,1,1,5,16,22,36,23),(48,94,3,1,3,16,5,15,28),(49,95,1,1,5,6,4,7,4),(50,96,5,1,3,41,12,38,32),(51,97,1,0,3,50,12,34,35),(52,98,2,0,4,15,8,17,16),(53,99,1,2,5,21,10,17,23),(54,100,0,0,34,2,5,1,1),(55,101,0,0,5,4,2,3,2),(56,102,1,4,7,39,22,28,22),(57,103,2,1,4,36,14,32,29),(58,104,2,2,4,33,13,32,33),(59,105,1,0,4,21,8,20,26),(60,106,0,0,1,7,1,6,3),(61,107,1,4,4,43,19,38,50),(62,108,0,0,0,3,0,2,4),(63,109,3,0,4,46,15,37,28),(64,110,0,0,6,8,5,7,4),(65,111,6,8,5,23,71,118,85),(66,123,2,5,6,11,37,54,55),(67,134,10,6,4,36,49,109,104),(68,135,1,0,4,14,8,18,21),(69,136,9,12,4,30,72,179,174),(70,137,8,2,3,66,26,74,96),(71,138,0,0,0,22,1,18,12),(72,139,8,12,5,29,86,142,125),(73,140,16,6,4,30,72,172,140),(74,141,0,0,0,3,0,2,3),(75,142,10,4,2,71,18,79,92),(76,143,0,0,14,2,5,3,3),(77,144,2,1,1,69,4,67,74),(78,145,0,2,6,16,17,27,17),(79,146,2,2,7,16,19,24,7),(80,147,0,0,10,7,7,6,4),(81,148,4,6,5,24,55,94,55),(82,149,2,2,4,35,34,86,56),(83,150,3,4,6,18,48,74,50),(84,171,22,4,3,33,78,223,189),(85,175,8,10,5,37,74,139,93),(86,178,3,5,5,14,35,68,71),(87,179,17,9,4,35,102,230,228),(88,180,3,7,5,20,56,107,100),(89,182,13,6,3,24,58,156,127),(90,183,0,2,6,18,9,12,12),(91,184,4,3,4,62,30,66,71),(92,185,0,1,13,3,11,7,3),(93,186,4,1,3,38,15,51,47),(94,187,4,0,5,20,23,40,48),(95,188,2,6,3,57,20,53,83),(96,189,0,0,24,2,7,2,2),(97,190,3,2,3,54,20,55,56),(98,191,3,2,4,53,23,49,54),(99,192,2,3,3,50,18,47,63),(100,193,2,4,2,33,5,29,31),(101,207,15,10,4,30,71,166,144),(102,214,4,0,3,77,20,61,47),(103,215,16,8,2,31,45,190,170),(104,216,4,4,3,50,20,65,66),(105,217,19,5,2,32,55,202,197),(106,218,11,8,3,29,70,188,180),(107,220,1,1,3,17,12,38,38),(108,221,1,0,2,2,1,6,4),(109,222,0,1,4,36,15,36,52),(110,223,1,1,5,16,13,21,22),(111,224,0,1,9,5,4,4,5),(112,225,0,1,6,25,10,14,7),(113,226,2,3,4,54,20,51,58),(114,228,2,2,3,54,15,47,60),(115,229,3,2,6,29,23,35,27),(116,230,1,0,1,8,2,16,17),(117,231,1,1,1,28,3,26,46),(118,232,0,0,4,3,1,2,2),(119,233,2,1,4,68,24,52,65),(120,234,0,0,18,1,6,3,2),(121,235,1,0,0,3,0,2,4),(122,236,0,0,4,11,4,9,13),(123,237,0,0,5,8,4,7,10),(124,238,1,1,3,16,4,14,15),(125,239,2,6,6,58,36,51,30),(126,242,0,1,8,7,26,27,16),(127,251,4,12,7,22,86,114,78),(128,263,17,10,3,32,84,226,233),(129,266,5,8,4,24,56,135,95),(130,267,6,2,5,11,31,60,32),(131,268,13,12,3,32,74,208,181),(132,269,9,10,4,28,74,165,168),(133,270,2,2,6,25,18,25,20),(134,271,2,0,3,53,11,37,42),(135,272,0,2,8,8,11,11,10),(136,273,4,3,2,64,14,60,46),(137,274,5,3,2,71,18,70,80),(138,275,0,1,3,29,8,27,25),(139,276,1,0,4,11,5,10,6),(140,277,1,0,2,25,7,27,30),(141,278,5,3,3,62,24,62,75),(142,279,0,0,6,5,3,4,1),(143,280,1,2,7,18,18,24,18),(144,281,1,0,3,23,10,30,30),(145,298,2,1,3,35,16,50,48),(146,299,4,4,4,13,31,69,47),(147,301,3,3,5,32,31,59,48),(148,304,9,5,3,20,45,123,105),(149,305,10,11,4,31,76,172,145),(150,306,2,3,7,6,17,23,27),(151,307,3,2,3,37,22,78,83),(152,308,2,7,9,15,61,58,39),(153,309,1,7,6,14,50,70,58),(154,310,14,8,4,34,80,191,162),(155,311,1,1,3,45,15,43,37),(156,312,0,0,8,6,9,9,8),(157,315,0,1,11,3,11,9,8),(158,316,0,0,6,7,7,10,9),(159,317,0,3,8,5,19,21,10),(160,318,0,7,7,10,39,47,43),(161,319,0,1,4,18,19,39,42),(162,320,2,3,6,8,25,37,31),(163,321,6,5,4,70,34,76,81),(164,322,0,2,8,4,11,13,6),(165,323,2,5,4,65,29,63,49),(166,324,0,3,7,23,20,24,21),(167,325,0,0,11,5,7,5,2),(168,326,0,0,7,7,6,8,10),(169,327,0,0,9,6,7,6,3),(170,328,1,2,14,18,28,18,15),(171,329,0,0,6,5,3,4,1),(172,330,5,7,5,64,34,65,68),(173,331,0,0,9,10,7,7,5),(174,332,1,3,6,27,23,32,28),(175,333,0,0,19,2,5,2,2),(176,334,13,9,4,30,85,174,118),(177,345,18,9,3,32,75,215,227),(178,357,12,8,4,35,90,190,168),(179,358,3,3,5,17,31,53,50),(180,360,11,6,4,25,59,137,161),(181,361,3,5,3,67,19,68,87),(182,362,0,0,2,20,5,20,18),(183,363,1,3,7,11,8,10,10),(184,364,0,0,5,29,9,16,17),(185,365,1,0,21,7,7,3,4),(186,366,2,2,4,21,9,21,17),(187,367,2,1,3,53,15,43,36),(188,368,3,2,3,53,20,52,54),(189,369,4,0,2,26,5,29,46),(190,370,5,1,2,62,12,70,57),(191,371,0,0,7,2,3,3,3),(192,372,2,5,3,75,24,66,69),(193,375,1,3,8,15,23,24,22),(194,395,12,9,4,27,68,158,117),(195,396,8,9,6,27,82,134,108),(196,397,3,5,4,29,35,84,69),(197,398,10,10,5,29,86,168,185),(198,399,5,6,4,19,45,114,99),(199,400,2,5,7,17,51,64,47),(200,401,14,8,5,32,99,186,138),(201,402,2,1,5,40,24,40,32),(202,403,0,4,5,8,17,31,22),(203,404,4,5,6,40,38,58,32),(204,405,1,1,5,6,12,20,15),(205,406,1,1,6,40,27,42,45),(206,408,1,0,9,19,16,15,17),(207,409,0,0,6,19,10,14,12),(208,410,3,7,5,63,32,55,59),(209,411,0,0,12,2,5,3,0),(210,412,0,0,9,6,10,9,7),(211,413,0,0,14,2,3,2,1),(212,414,2,5,4,66,19,46,57),(213,415,2,3,5,57,24,45,38),(214,416,0,1,5,30,13,23,24),(215,417,1,1,5,24,15,26,20),(216,418,1,3,3,34,8,27,35),(217,419,2,0,5,44,19,32,22),(218,430,9,7,5,19,57,105,66),(219,440,16,9,3,34,77,227,254),(220,444,11,7,3,26,54,159,132),(221,445,5,4,6,50,39,60,59),(222,446,4,2,3,14,26,69,71),(223,447,7,13,6,35,100,153,135),(224,448,0,0,2,3,1,4,1),(225,449,1,3,7,54,39,49,49),(226,450,3,4,3,61,21,58,52),(227,451,5,2,3,37,12,36,45),(228,452,4,2,3,56,19,55,35),(229,453,1,0,7,19,15,19,10),(230,454,4,0,3,62,24,73,49),(231,455,4,5,4,66,27,58,65),(232,457,6,5,3,14,29,81,106),(233,472,12,13,5,32,93,180,115),(234,480,5,3,3,26,20,62,42),(235,481,9,12,5,26,85,168,144),(236,482,13,10,4,33,89,184,177),(237,483,4,4,2,48,26,108,104),(238,484,8,1,4,47,32,65,95),(239,485,0,0,7,15,12,15,20),(240,486,2,5,4,69,30,65,102),(241,487,4,3,3,59,21,57,67),(242,488,1,2,2,66,16,64,69),(243,489,1,1,5,22,11,22,28),(244,490,4,4,4,11,28,62,55),(245,491,2,2,3,60,16,47,43),(246,492,0,1,4,10,13,31,28),(247,493,1,2,5,60,24,43,40),(248,494,11,12,4,32,92,186,144),(249,513,12,3,4,42,70,179,188),(250,517,8,9,5,33,65,125,89),(251,519,11,11,4,33,80,195,184),(252,520,10,11,5,34,113,189,139),(253,521,3,9,6,34,61,88,94),(254,522,2,1,2,45,9,43,47),(255,523,1,2,3,36,16,55,44),(256,524,2,6,3,72,22,72,86),(257,525,2,3,4,40,16,37,40),(258,526,2,0,3,50,17,44,34),(259,527,5,8,4,70,30,66,68),(260,528,2,2,1,21,3,22,30),(261,529,6,0,4,38,25,53,30),(262,530,5,6,5,29,61,117,92),(263,531,10,4,4,22,57,120,107),(264,555,1,3,3,64,22,57,51),(265,556,4,6,3,11,26,73,51),(266,557,9,13,4,27,69,160,143),(267,558,3,2,4,13,27,68,68),(268,559,12,12,5,31,100,178,103),(269,560,1,0,3,27,13,37,14),(270,561,2,0,1,45,5,40,51),(271,562,3,0,3,44,19,53,36),(272,563,0,0,6,7,4,6,4),(273,564,1,0,5,24,11,18,14),(274,565,2,2,4,60,27,55,49),(275,566,2,1,3,43,15,46,31),(276,567,0,2,6,19,16,24,17),(277,568,3,6,4,58,28,56,45),(278,569,1,4,4,38,16,37,25),(279,570,3,2,6,26,16,22,14),(280,571,5,4,6,37,25,40,43),(281,578,3,3,7,13,31,42,42),(282,583,1,4,4,14,25,60,66),(283,594,12,4,2,21,28,149,172),(284,597,5,2,3,18,29,77,84),(285,598,16,11,3,32,68,175,179),(286,599,10,6,5,26,69,136,134),(287,600,2,2,6,7,18,28,25),(288,601,5,9,4,22,44,100,74),(289,603,1,2,12,4,15,11,5),(290,604,3,2,3,73,25,74,83),(291,605,1,4,7,6,21,27,25),(292,606,0,1,2,25,6,26,39),(293,607,2,0,6,4,12,17,15),(294,608,1,0,3,22,6,19,22),(295,609,0,0,0,1,0,4,3),(296,610,3,2,2,6,7,34,39),(297,611,1,1,4,64,23,50,44),(298,612,2,3,5,10,22,40,44),(299,613,0,1,12,1,6,4,4),(300,614,0,1,11,1,5,4,3),(301,616,3,0,3,27,7,19,28),(302,617,7,2,2,75,22,80,80),(303,618,1,0,4,23,12,25,21),(304,619,2,1,5,61,25,48,45),(305,620,0,1,4,25,12,25,23),(306,621,0,0,3,9,3,8,4),(307,622,3,2,2,71,14,68,104),(308,623,2,2,3,58,16,42,47),(309,624,0,0,1,10,1,9,13),(310,625,0,1,5,2,1,1,0),(311,626,0,0,12,5,4,3,2),(312,639,16,8,3,29,58,182,253),(313,648,0,1,6,3,8,13,10),(314,649,1,4,6,12,35,52,45),(315,650,7,6,2,64,22,86,114),(316,651,4,9,6,28,57,83,58),(317,652,0,1,6,4,13,19,11),(318,654,8,6,4,25,57,133,124),(319,655,9,13,4,33,85,176,147),(320,656,3,6,5,18,44,79,37),(321,658,6,3,3,75,23,72,113),(322,659,5,5,5,22,68,123,100),(323,660,1,0,6,2,7,10,6),(324,661,4,2,2,32,9,33,32),(325,662,0,0,0,1,0,3,1),(326,663,1,3,3,55,21,67,63),(327,664,0,0,3,24,6,17,13),(328,665,1,0,9,6,8,8,6),(329,666,0,2,5,15,7,14,7),(330,667,0,1,7,15,11,14,14),(331,668,0,0,5,18,5,9,7),(332,669,0,0,9,3,3,3,0),(333,670,6,1,3,51,16,42,38),(334,671,0,0,12,2,4,3,3),(335,672,0,1,6,8,7,10,7),(336,673,0,0,2,14,4,15,8),(337,674,1,4,3,67,20,64,73),(338,675,0,0,0,1,0,3,4),(339,676,2,3,6,39,24,36,41),(340,677,4,3,3,48,18,51,42),(341,686,0,1,3,20,9,28,22),(342,689,9,3,3,20,38,121,100),(343,699,7,11,5,23,69,127,93),(344,700,0,5,8,8,23,26,18),(345,703,11,7,4,28,72,163,135),(346,704,9,11,4,31,74,151,120),(347,706,8,16,5,32,92,179,140),(348,707,6,8,5,19,51,101,70),(349,708,2,4,4,61,29,66,26),(350,709,0,1,3,43,21,58,47),(351,711,2,2,3,14,8,21,15),(352,712,0,1,3,27,8,26,26),(353,713,3,1,6,41,26,41,36),(354,714,1,1,4,16,11,24,27),(355,715,0,0,13,7,11,7,8),(356,716,0,0,11,10,13,10,9),(357,717,2,2,2,47,11,44,35),(358,718,0,0,9,1,1,1,1),(359,719,1,4,5,35,17,32,38),(360,720,0,0,6,3,2,3,0),(361,721,0,0,27,1,5,1,0),(362,722,0,0,11,2,2,1,3),(363,723,0,0,15,4,5,3,2),(364,724,0,0,2,16,5,18,14),(365,725,1,3,4,27,9,22,22),(366,726,8,5,2,67,16,67,90),(367,727,3,3,3,72,25,82,78),(368,728,3,7,8,14,52,58,49),(369,729,3,5,6,19,44,69,49),(370,750,1,4,3,39,10,34,29),(371,751,9,12,6,26,95,133,114),(372,752,6,11,5,25,83,147,104),(373,753,1,7,6,12,39,59,34),(374,755,4,8,5,21,71,124,93),(375,756,0,1,4,26,11,25,24),(376,757,7,11,3,30,68,181,149),(377,758,3,2,5,65,40,71,80),(378,759,2,0,4,37,17,36,37),(379,760,1,1,5,25,12,23,17),(380,761,1,6,6,19,47,67,50),(381,762,1,0,8,14,12,13,12),(382,763,2,5,6,33,21,30,22),(383,764,0,2,3,54,19,54,35),(384,765,0,1,9,15,14,14,14),(385,766,2,2,5,44,25,42,60),(386,767,6,7,4,72,31,75,67),(387,768,3,1,4,57,27,61,64),(388,769,1,3,4,16,8,17,14),(389,793,14,9,3,31,53,183,218),(390,794,5,2,3,17,19,64,45),(391,796,7,8,3,24,50,148,143),(392,797,9,8,3,22,50,132,129),(393,798,4,10,5,17,50,92,76),(394,799,15,8,3,34,73,191,128),(395,800,4,2,2,8,12,44,42),(396,801,3,8,5,35,53,91,66),(397,802,4,2,3,73,13,42,52),(398,803,0,1,8,9,17,19,20),(399,804,6,4,3,68,30,77,85),(400,805,3,0,5,20,8,15,25),(401,806,1,0,6,10,13,18,17),(402,807,0,0,5,41,23,43,46),(403,808,1,0,5,16,6,10,11),(404,809,3,4,3,78,22,77,84),(405,810,0,1,7,14,14,17,11),(406,811,2,2,5,36,18,35,36),(407,812,2,2,4,44,16,35,40),(408,813,0,1,11,6,14,11,12),(409,814,4,2,2,80,17,77,91),(410,815,0,1,2,17,4,17,19),(411,839,9,8,5,24,66,124,97),(412,840,2,4,5,12,24,45,52),(413,841,7,6,5,21,53,97,75),(414,842,6,12,5,32,94,175,207),(415,843,9,12,4,30,78,179,152),(416,844,14,4,3,31,68,199,165),(417,846,3,6,3,73,25,73,126),(418,847,0,0,2,23,5,23,13),(419,848,3,0,2,31,7,31,44),(420,849,2,3,2,29,7,25,26),(421,850,0,0,6,3,4,6,1),(422,851,0,0,5,27,15,29,34),(423,852,6,1,1,44,7,45,77),(424,853,0,0,3,3,1,3,4),(425,854,2,1,5,37,19,33,33),(426,855,1,2,6,26,19,31,31),(427,856,4,2,3,29,11,30,25),(428,857,2,1,5,41,24,41,50),(429,883,2,4,6,9,30,44,23),(430,884,10,11,4,31,85,186,108),(431,885,5,11,6,22,74,117,94),(432,886,2,4,6,9,31,46,23),(433,888,6,7,4,63,26,64,49),(434,889,7,9,4,25,62,144,124),(435,890,2,9,7,14,52,72,71),(436,891,2,4,4,24,33,70,27),(437,892,1,1,4,24,27,56,55),(438,893,6,4,4,68,29,65,60),(439,894,3,1,5,35,24,47,54),(440,895,2,3,3,44,14,39,45),(441,896,5,5,2,70,20,74,73),(442,897,0,4,4,53,27,64,71),(443,898,2,0,4,34,19,40,37),(444,899,1,0,3,56,12,36,37),(445,900,0,0,10,8,14,12,12),(446,905,3,5,6,11,39,63,31),(447,917,8,6,4,24,60,131,152),(448,921,12,10,4,32,78,189,154),(449,922,1,1,4,4,8,17,19),(450,923,2,2,5,26,27,50,38),(451,924,3,6,6,10,34,53,32),(452,925,11,14,4,33,80,197,167),(453,929,2,11,6,23,76,113,95),(454,930,2,1,2,5,7,27,13),(455,932,6,9,5,20,59,111,121),(456,933,1,2,6,27,22,35,34),(457,934,1,2,8,14,14,15,14),(458,935,0,0,8,4,10,10,7),(459,936,1,1,6,24,22,31,31),(460,937,2,1,6,32,17,27,29),(461,938,3,1,6,33,23,32,33),(462,939,1,1,6,17,11,15,14),(463,940,3,5,5,70,37,68,47),(464,941,3,4,4,70,31,72,80),(465,942,0,1,3,10,4,11,8),(466,943,1,0,6,25,14,21,23),(467,944,4,4,3,79,23,80,102),(468,945,1,3,4,42,17,40,40),(469,946,0,0,3,12,3,9,7),(470,947,0,0,19,7,9,4,4),(471,948,0,1,45,6,10,2,2),(472,949,0,0,11,7,6,5,2),(473,951,1,1,6,6,11,15,8),(474,954,6,11,5,21,69,113,116),(475,965,0,3,5,8,18,33,29),(476,971,7,10,4,21,50,116,98),(477,972,10,7,5,52,59,118,138),(478,974,0,2,4,7,11,23,24),(479,975,5,2,3,11,22,64,52),(480,976,9,8,5,30,77,127,73),(481,978,8,6,5,23,60,110,76),(482,979,5,4,3,18,39,104,85),(483,980,5,4,4,14,33,70,53),(484,982,3,7,5,24,44,82,61),(485,983,1,2,4,39,16,41,32),(486,985,1,1,3,67,20,59,34),(487,986,0,0,6,6,7,11,10),(488,987,1,0,1,8,1,12,10),(489,988,2,0,4,14,11,25,15),(490,991,0,0,4,15,8,16,13),(491,992,2,2,4,36,21,52,46),(492,993,1,1,8,7,11,12,11),(493,994,3,0,4,28,11,24,28),(494,995,0,0,0,3,0,4,3),(495,996,4,2,4,62,21,53,61),(496,997,0,1,9,9,9,8,9),(497,998,0,0,0,2,0,3,1),(498,999,1,1,2,45,7,41,38),(499,1000,0,0,41,2,3,0,0),(500,1001,0,0,3,8,2,6,6),(501,1002,1,3,3,28,10,27,39),(502,1003,0,0,17,2,7,3,4),(503,1004,2,5,3,70,23,67,58),(504,1022,5,6,6,13,48,73,54),(505,1027,2,7,4,11,32,67,57),(506,1029,4,7,5,16,42,79,67),(507,1032,8,7,2,17,28,102,115),(508,1034,9,10,6,35,93,146,105),(509,1036,5,5,5,19,55,99,76),(510,1039,0,3,6,9,25,37,27),(511,1040,3,3,3,11,15,53,34),(512,1041,5,12,5,24,69,129,100),(513,1042,3,5,4,16,25,61,47),(514,1043,1,2,4,3,7,15,13),(515,1044,4,4,3,82,29,89,111),(516,1045,0,4,9,4,20,19,10),(517,1046,0,1,12,1,7,5,5),(518,1047,0,3,5,7,19,34,28),(519,1048,2,2,6,51,49,74,61),(520,1049,1,0,4,11,4,9,10),(521,1050,3,0,3,67,20,63,78),(522,1051,1,0,6,18,14,22,24),(523,1052,1,0,5,34,20,35,20),(524,1053,0,0,5,1,1,2,0),(525,1054,1,0,3,15,7,18,9),(526,1055,0,0,27,1,4,1,0),(527,1056,0,5,5,71,35,69,72),(528,1057,1,0,2,18,3,16,8),(529,1058,7,7,4,60,26,59,42),(530,1059,0,1,0,28,1,28,33),(531,1060,1,0,5,4,2,4,3),(532,1061,1,0,6,18,11,17,9),(533,1062,0,0,0,4,0,3,3),(534,1063,3,2,4,56,23,48,45),(535,1064,1,0,1,4,2,17,10),(536,1084,3,5,4,22,40,84,54),(537,1085,15,9,3,34,69,226,251),(538,1086,5,9,6,31,73,118,102),(539,1087,12,11,4,32,86,203,167),(540,1089,18,5,3,32,68,219,198),(541,1090,4,8,6,21,56,89,72),(542,1091,6,5,4,12,31,68,69),(543,1093,4,2,2,61,13,55,50),(544,1094,1,3,4,68,12,26,15),(545,1095,1,0,54,2,6,1,0),(546,1096,0,0,3,16,5,14,14),(547,1097,1,0,4,7,4,10,6),(548,1098,0,0,12,4,7,5,4),(549,1099,2,5,4,62,23,58,65),(550,1100,1,1,11,4,6,5,3),(551,1101,3,2,3,57,15,53,35),(552,1102,1,0,0,7,0,4,5),(553,1103,1,3,5,59,19,36,25),(554,1104,0,1,8,8,5,6,3),(555,1105,1,0,3,40,9,30,33),(556,1106,1,1,3,26,6,18,26),(557,1107,3,3,3,72,21,61,57),(558,1130,7,8,5,19,62,112,82),(559,1132,0,4,3,49,16,51,88),(560,1133,11,8,4,25,65,153,122),(561,1134,16,12,4,33,91,199,147),(562,1135,6,2,5,22,54,94,101),(563,1136,6,7,4,20,51,121,117),(564,1137,1,0,5,26,14,23,28),(565,1138,1,1,5,26,14,24,28),(566,1139,4,6,3,62,20,64,76),(567,1140,1,0,4,16,8,16,17),(568,1141,1,2,4,9,11,25,15),(569,1142,3,4,2,32,16,61,54),(570,1143,1,1,4,55,23,58,51),(571,1144,1,0,8,11,8,9,6),(572,1145,3,0,3,19,7,18,16),(573,1146,4,4,4,60,25,60,65),(574,1147,0,1,4,29,10,25,17),(575,1149,1,4,6,9,23,36,45),(576,1162,16,9,3,31,66,195,174),(577,1166,13,9,5,33,102,198,161),(578,1169,10,13,5,32,89,171,150),(579,1172,9,12,5,30,92,176,125),(580,1173,4,1,2,12,8,46,52),(581,1174,7,7,5,27,78,138,114),(582,1175,2,5,3,59,26,67,52),(583,1176,0,0,5,26,13,22,14),(584,1177,2,0,3,30,18,48,46),(585,1178,2,2,3,29,12,31,16),(586,1180,6,3,2,76,17,79,103),(587,1181,2,4,4,45,20,40,56),(588,1182,0,0,6,11,11,17,8),(589,1183,4,2,4,66,29,60,57),(590,1184,0,1,2,28,5,23,26),(591,1185,1,1,27,4,16,5,2),(592,1186,6,3,3,67,19,61,66),(593,1187,1,0,2,15,4,18,16),(594,1188,0,0,6,12,6,9,7),(595,1190,7,7,4,21,59,130,109),(596,1196,10,6,4,33,77,187,166),(597,1215,8,8,4,29,62,127,109),(598,1216,9,19,4,33,90,201,233),(599,1217,7,12,5,30,95,175,167),(600,1218,6,8,4,19,35,89,98),(601,1219,3,4,4,54,17,41,43),(602,1220,2,4,2,57,12,56,71),(603,1221,0,1,9,33,23,23,21),(604,1222,0,1,4,12,7,15,14),(605,1223,1,2,4,37,19,39,33),(606,1224,0,1,6,25,12,19,13),(607,1225,7,11,4,64,38,90,63),(608,1226,2,0,6,52,30,45,50),(609,1227,0,1,4,16,8,18,14),(610,1228,7,9,5,22,59,107,67),(611,1229,7,5,3,17,38,100,132),(612,1230,10,11,4,33,97,198,103),(613,1253,15,5,3,32,74,200,200),(614,1255,7,4,5,23,67,119,107),(615,1256,2,3,6,12,24,38,16),(616,1257,2,2,8,37,31,36,29),(617,1258,0,0,8,10,10,11,13),(618,1259,7,3,2,53,14,60,49),(619,1260,7,2,2,58,17,61,61),(620,1261,4,1,3,39,16,51,34),(621,1262,4,2,3,66,20,53,59),(622,1263,3,2,2,73,19,70,55),(623,1264,1,0,3,12,4,13,7),(624,1265,5,1,6,35,23,34,45),(625,1266,0,0,2,12,3,15,15),(626,1267,3,3,6,16,32,47,27),(627,1269,20,4,3,32,69,195,163),(628,1289,10,15,4,30,84,169,126),(629,1291,9,9,3,29,68,176,165),(630,1292,2,4,4,28,14,31,30),(631,1294,15,2,3,30,64,192,161),(632,1295,9,10,4,32,99,204,166),(633,1296,2,0,0,25,1,23,24),(634,1297,4,3,3,60,23,67,62),(635,1298,1,7,4,54,16,36,45),(636,1299,1,2,5,39,21,41,42),(637,1300,0,0,4,14,5,10,5),(638,1301,6,4,4,46,17,42,58),(639,1302,0,1,9,5,4,4,2),(640,1303,4,3,3,72,22,74,82),(641,1304,1,3,6,38,23,33,32),(642,1305,0,1,3,20,6,18,18),(643,1306,2,3,5,64,22,40,46),(644,1309,1,1,7,6,7,9,10),(645,1316,0,1,7,6,16,21,11),(646,1317,7,5,3,19,40,105,93),(647,1327,15,4,4,24,59,147,183),(648,1328,20,7,3,34,75,228,284),(649,1330,3,5,5,36,31,62,49),(650,1331,11,11,5,32,90,177,171),(651,1332,16,10,3,34,66,210,172),(652,1333,5,3,5,11,24,44,42),(653,1334,0,0,2,40,9,46,32),(654,1335,1,2,5,8,22,38,39),(655,1336,3,2,3,67,17,58,80),(656,1337,0,3,5,47,25,49,53),(657,1338,2,4,2,37,11,41,47),(658,1339,0,0,3,10,2,5,3),(659,1340,2,0,5,19,11,19,16),(660,1341,0,0,2,9,1,6,6),(661,1342,0,0,0,5,0,3,4),(662,1344,0,0,2,8,1,3,5),(663,1345,1,1,2,30,6,29,27),(664,1346,2,4,4,37,17,35,31),(665,1347,0,0,2,14,2,11,9),(666,1348,4,1,2,73,17,67,63);
/*!40000 ALTER TABLE `pitching_stats` ENABLE KEYS */;
UNLOCK TABLES;

--
-- Table structure for table `players`
--

DROP TABLE IF EXISTS `players`;
/*!40101 SET @saved_cs_client     = @@character_set_client */;
/*!40101 SET character_set_client = utf8 */;
CREATE TABLE `players` (
  `id` int(11) NOT NULL AUTO_INCREMENT,
  `name` varchar(80) COLLATE utf8mb4_unicode_ci DEFAULT NULL,
  `home_town` varchar(80) COLLATE utf8mb4_unicode_ci DEFAULT NULL,
  `player_number` int(11) DEFAULT NULL,
  `position_id` int(11) NOT NULL,
  `team_id` int(11) NOT NULL,
  `salaries_id` int(11) DEFAULT NULL,
  PRIMARY KEY (`id`),
  KEY `position_id` (`position_id`),
  KEY `team_id` (`team_id`),
  KEY `salaries_id` (`salaries_id`),
  CONSTRAINT `players_ibfk_1` FOREIGN KEY (`position_id`) REFERENCES `positions` (`id`),
  CONSTRAINT `players_ibfk_2` FOREIGN KEY (`team_id`) REFERENCES `teams` (`id`),
  CONSTRAINT `players_ibfk_3` FOREIGN KEY (`salaries_id`) REFERENCES `salaries` (`id`)
) ENGINE=InnoDB AUTO_INCREMENT=2048 DEFAULT CHARSET=utf8mb4 COLLATE=utf8mb4_unicode_ci;
/*!40101 SET character_set_client = @saved_cs_client */;

--
-- Dumping data for table `players`
--

LOCK TABLES `players` WRITE;
/*!40000 ALTER TABLE `players` DISABLE KEYS */;
INSERT INTO `players` VALUES (1,'Segura Jean','San Juan Dominican Republic',2,3,1,1),(2,'Corbin Patrick','Clay New York',46,6,1,1),(3,'Goldschmidt Paul','Wilminton Delaware',44,2,1,1),(4,'Herrmann Chris','Tomball Texas',10,1,1,1),(5,'Drury Brandon','Grants Pass Oregon',27,3,1,1),(6,'Gosselin Phil','West Chester Pennsylvania',23,3,1,1),(7,'Owings Chris','Charleston South Carolina',16,4,1,1),(8,'Tomas Yasmany','Havana Cuba',24,7,1,1),(9,'Castillo Welington','San Isidro Dominican Republic',7,1,1,1),(10,'Bourn Michael','Houston Texas',1,8,1,1),(11,'Peralta David','Valencia Venezuela',6,9,1,1),(12,'Lamb Jake','Seattle Washington',22,5,1,1),(13,'Pollock A.J.','Hebron Connecticut',11,8,1,1),(14,'Weeks Jr. Rickie','Dayton Florida',5,7,1,1),(15,'Haniger Mitch','Mountain View California',19,9,1,1),(16,'Ahmed Nick','Springfield Maryland',13,4,1,1),(17,'Greinke Zack','Orlando Florida',21,6,1,1),(18,'Jensen Kyle','Walnut Creek California',29,2,1,1),(19,'Ray Robbie','Brentwood Tennessee',38,6,1,1),(20,'Hernandez Oscar','Brentwood Tennessee',28,1,1,1),(21,'Brito Socrates','Brentwood Tennessee',30,8,1,1),(22,'Gosewisch Tuffy','Brentwood Tennessee',8,1,1,1),(23,'OBrien Peter','Brentwood Tennessee',14,7,1,1),(24,'Miller Shelby','Brentwood Tennessee',26,6,1,1),(25,'Shipley Braden','Brentwood Tennessee',35,6,1,1),(26,'Godley Zack','Brentwood Tennessee',52,6,1,1),(27,'De La Rosa Rubby','Brentwood Tennessee',12,6,1,1),(28,'Bradley Archie','Brentwood Tennessee',25,6,1,1),(29,'Bracho Silvino','Brentwood Tennessee',61,6,1,1),(30,'Buschmann Matt','Brentwood Tennessee',45,6,1,1),(31,'Campos Vicente','Brentwood Tennessee',59,6,1,1),(32,'Delgado Randall','Brentwood Tennessee',48,6,1,1),(33,'Escobar Edwin','Brentwood Tennessee',43,6,1,1),(34,'Freeman Mike','Brentwood Tennessee',4,2,1,1),(35,'Koch Matt','Brentwood Tennessee',55,6,1,1),(36,'Wagner Tyler','Brentwood Tennessee',34,6,1,1),(37,'Barrett Jake','Brentwood Tennessee',33,6,1,1),(38,'Burgos Enrique','Brentwood Tennessee',36,6,1,1),(39,'Chafin Andrew','Brentwood Tennessee',40,6,1,1),(40,'Clippard Tyler','Brentwood Tennessee',19,6,1,1),(41,'Collmenter Josh','Brentwood Tennessee',55,6,1,1),(42,'Curtis Zac','Brentwood Tennessee',62,6,1,1),(43,'Drabek Kyle','Brentwood Tennessee',31,6,1,1),(44,'Hathaway Steve','Brentwood Tennessee',56,6,1,1),(45,'Hessler Keith','Brentwood Tennessee',56,6,1,1),(46,'Hudson Daniel','Brentwood Tennessee',41,6,1,1),(47,'Leone Dominic','Brentwood Tennessee',54,6,1,1),(48,'Loewen Adam','Brentwood Tennessee',58,6,1,1),(49,'Marshall Evan','Brentwood Tennessee',50,6,1,1),(50,'Ziegler Brad','Brentwood Tennessee',29,6,1,1),(51,'Swanson Dansby','Brentwood Tennessee',2,4,2,1),(52,'Freeman Freddie','Brentwood Tennessee',5,2,2,1),(53,'Inciarte Ender','Brentwood Tennessee',11,8,2,1),(54,'Ruiz Rio','Brentwood Tennessee',32,5,2,1),(55,'Kemp Matt','Brentwood Tennessee',27,9,2,1),(56,'Recker Anthony','Brentwood Tennessee',20,1,2,1),(57,'Garcia Adonis','Brentwood Tennessee',13,5,2,1),(58,'Flowers Tyler','Brentwood Tennessee',25,1,2,1),(59,'Markakis Nick','Brentwood Tennessee',22,9,2,1),(60,'Peterson Jace','Brentwood Tennessee',8,7,2,1),(61,'Chacin Jhoulys','Brentwood Tennessee',43,6,2,1),(62,'Francoeur Jeff','Brentwood Tennessee',18,7,2,1),(63,'DArnaud Chase','Brentwood Tennessee',23,4,2,1),(64,'Aybar Erick','Brentwood Tennessee',1,4,2,1),(65,'Snyder Brandon','Brentwood Tennessee',19,5,2,1),(66,'Smith Mallex','Brentwood Tennessee',17,8,2,1),(67,'Stubbs Drew','Brentwood Tennessee',2,8,2,1),(68,'Pierzynski A.J.','Brentwood Tennessee',15,1,2,1),(69,'Beckham Gordon','Brentwood Tennessee',7,3,2,1),(70,'Johnson Kelly','Brentwood Tennessee',24,3,2,1),(71,'Bonifacio Emilio','Brentwood Tennessee',64,8,2,1),(72,'Olivera Hector','Brentwood Tennessee',28,7,2,1),(73,'Brignac Reid','Brentwood Tennessee',4,5,2,1),(74,'Teheran Julio','Brentwood Tennessee',49,6,2,1),(75,'Castro Daniel','Brentwood Tennessee',14,4,2,1),(76,'Whalen Rob','Brentwood Tennessee',63,6,2,1),(77,'De La Cruz Joel','Brentwood Tennessee',60,6,2,1),(78,'Norris Bud','Brentwood Tennessee',20,6,2,1),(79,'Lalli Blake','Brentwood Tennessee',74,1,2,1),(80,'Wisler Matt','Brentwood Tennessee',37,6,2,1),(81,'Foltynewicz Michael','Brentwood Tennessee',26,6,2,1),(82,'Blair Aaron','Brentwood Tennessee',36,6,2,1),(83,'Collmenter Josh','Brentwood Tennessee',55,6,2,1),(84,'Gant John','Brentwood Tennessee',52,6,2,1),(85,'Harrell Lucas','Brentwood Tennessee',63,6,2,1),(86,'Hernandez Roberto','Brentwood Tennessee',32,6,2,1),(87,'Jenkins Tyrell','Brentwood Tennessee',61,6,2,1),(88,'Johnson Jim','Brentwood Tennessee',53,6,2,1),(89,'Kelly Casey','Brentwood Tennessee',55,6,2,1),(90,'Krol Ian','Brentwood Tennessee',46,6,2,1),(91,'Perez Williams','Brentwood Tennessee',57,6,2,1),(92,'Tuiasosopo Matt','Brentwood Tennessee',30,9,2,1),(93,'Weber Ryan','Brentwood Tennessee',48,6,2,1),(94,'Alvarez Dario','Brentwood Tennessee',39,6,2,1),(95,'Bradley Jed','Brentwood Tennessee',72,6,2,1),(96,'Cabrera Mauricio','Brentwood Tennessee',62,6,2,1),(97,'Cervenka Hunter','Brentwood Tennessee',54,6,2,1),(98,'Cunniff Brandon','Brentwood Tennessee',39,6,2,1),(99,'Grilli Jason','Brentwood Tennessee',39,6,2,1),(100,'Hursh Jason','Brentwood Tennessee',67,6,2,1),(101,'Marksberry Matt','Brentwood Tennessee',56,6,2,1),(102,'OFlaherty Eric','Brentwood Tennessee',34,6,2,1),(103,'Ogando Alexi','Brentwood Tennessee',40,6,2,1),(104,'Ramirez Jose','Brentwood Tennessee',36,6,2,1),(105,'Roe Chaz','Brentwood Tennessee',50,6,2,1),(106,'Simmons Shae','Brentwood Tennessee',68,6,2,1),(107,'Vizcaino Arodys','Brentwood Tennessee',38,6,2,1),(108,'Winkler Daniel','Brentwood Tennessee',58,6,2,1),(109,'Withrow Chris','Brentwood Tennessee',51,6,2,1),(110,'Younginer IV Madison','Brentwood Tennessee',54,6,2,1),(111,'Gallardo Yovani','Brentwood Tennessee',49,6,3,1),(112,'Mancini Trey','Brentwood Tennessee',67,7,3,1),(113,'Alvarez Dariel','Brentwood Tennessee',12,9,3,1),(114,'Borbon Julio','Brentwood Tennessee',29,8,3,1),(115,'Kim Hyun Soo','Brentwood Tennessee',25,7,3,1),(116,'Machado Manny','Brentwood Tennessee',13,5,3,1),(117,'Bourn Michael','Brentwood Tennessee',1,8,3,1),(118,'Hardy J.J.','Brentwood Tennessee',2,4,3,1),(119,'Rickard Joey','Brentwood Tennessee',23,9,3,1),(120,'Schoop Jonathan','Brentwood Tennessee',6,3,3,1),(121,'Jones Adam','Brentwood Tennessee',10,8,3,1),(122,'Trumbo Mark','Brentwood Tennessee',45,9,3,1),(123,'Miley Wade','Brentwood Tennessee',38,6,3,1),(124,'Alvarez Pedro','Brentwood Tennessee',24,11,3,1),(125,'Wieters Matt','Brentwood Tennessee',32,1,3,1),(126,'Reimold Nolan','Brentwood Tennessee',14,7,3,1),(127,'Davis Chris','Brentwood Tennessee',19,2,3,1),(128,'Pearce Steve','Brentwood Tennessee',28,7,3,1),(129,'Flaherty Ryan','Brentwood Tennessee',3,4,3,1),(130,'Pena Francisco','Brentwood Tennessee',27,1,3,1),(131,'Janish Paul','Brentwood Tennessee',15,4,3,1),(132,'Joseph Caleb','Brentwood Tennessee',36,1,3,1),(133,'Stubbs Drew','Brentwood Tennessee',18,8,3,1),(134,'Bundy Dylan','Brentwood Tennessee',37,6,3,1),(135,'Drake Oliver','Brentwood Tennessee',71,6,3,1),(136,'Gausman Kevin','Brentwood Tennessee',39,6,3,1),(137,'Givens Mychal','Brentwood Tennessee',60,6,3,1),(138,'Hart Donnie','Brentwood Tennessee',58,6,3,1),(139,'Jimenez Ubaldo','Brentwood Tennessee',31,6,3,1),(140,'Tillman Chris','Brentwood Tennessee',30,6,3,1),(141,'Aquino Jayson','Brentwood Tennessee',64,6,3,1),(142,'Brach Brad','Brentwood Tennessee',35,6,3,1),(143,'Bridwell Parker','Brentwood Tennessee',68,6,3,1),(144,'Britton Zach','Brentwood Tennessee',53,6,3,1),(145,'Despaigne Odrisamer','Brentwood Tennessee',43,6,3,1),(146,'McFarland T.J.','Brentwood Tennessee',66,6,3,1),(147,'Ondrusek Logan','Brentwood Tennessee',51,6,3,1),(148,'Wilson Tyler','Brentwood Tennessee',63,6,3,1),(149,'Worley Vance','Brentwood Tennessee',48,6,3,1),(150,'Wright Mike','Brentwood Tennessee',59,6,3,1),(151,'Betts Mookie','Brentwood Tennessee',50,9,4,1),(152,'Pedroia Dustin','Brentwood Tennessee',15,3,4,1),(153,'Ortiz David','Brentwood Tennessee',34,11,4,1),(154,'Leon Sandy','Brentwood Tennessee',3,1,4,1),(155,'Benintendi Andrew','Brentwood Tennessee',40,7,4,1),(156,'Bogaerts Xander','Brentwood Tennessee',2,4,4,1),(157,'Hernandez Marco','Brentwood Tennessee',41,3,4,1),(158,'Ramirez Hanley','Brentwood Tennessee',13,11,4,1),(159,'Brentz Bryce','Brentwood Tennessee',64,7,4,1),(160,'Young Chris','Brentwood Tennessee',30,7,4,1),(161,'Bradley Jr. Jackie','Brentwood Tennessee',25,8,4,1),(162,'Rutledge Josh','Brentwood Tennessee',32,5,4,1),(163,'Swihart Blake','Brentwood Tennessee',23,7,4,1),(164,'Holt Brock','Brentwood Tennessee',12,7,4,1),(165,'Castillo Rusney','Brentwood Tennessee',38,7,4,1),(166,'Shaw Travis','Brentwood Tennessee',47,5,4,1),(167,'Vazquez Christian','Brentwood Tennessee',7,1,4,1),(168,'Hill Aaron','Brentwood Tennessee',18,5,4,1),(169,'Holaday Bryan','Brentwood Tennessee',59,1,4,1),(170,'Moncada Yoan','Brentwood Tennessee',65,5,4,1),(171,'Porcello Rick','Brentwood Tennessee',22,6,4,1),(172,'Hanigan Ryan','Brentwood Tennessee',10,1,4,1),(173,'Martinez Michael','Brentwood Tennessee',40,3,4,1),(174,'Marrero Deven','Brentwood Tennessee',10,3,4,1),(175,'Buchholz Clay','Brentwood Tennessee',11,6,4,1),(176,'LaMarre Ryan','Brentwood Tennessee',65,8,4,1),(177,'Miller Mike','Brentwood Tennessee',40,4,4,1),(178,'Pomeranz Drew','Brentwood Tennessee',31,6,4,1),(179,'Price David','Brentwood Tennessee',24,6,4,1),(180,'Rodriguez Eduardo','Brentwood Tennessee',52,6,4,1),(181,'Sandoval Pablo','Brentwood Tennessee',48,5,4,1),(182,'Wright Steven','Brentwood Tennessee',35,6,4,1),(183,'Abad Fernando','Brentwood Tennessee',43,6,4,1),(184,'Barnes Matt','Brentwood Tennessee',68,6,4,1),(185,'Elias Roenis','Brentwood Tennessee',29,6,4,1),(186,'Hembree Heath','Brentwood Tennessee',37,6,4,1),(187,'Kelly Joe','Brentwood Tennessee',56,6,4,1),(188,'Kimbrel Craid','Brentwood Tennessee',46,6,4,1),(189,'Light Pat','Brentwood Tennessee',65,6,4,1),(190,'Ross Jr. Robbie','Brentwood Tennessee',28,6,4,1),(191,'Tazawa Junichi','Brentwood Tennessee',36,6,4,1),(192,'Uehara Koji','Brentwood Tennessee',19,6,4,1),(193,'Ziegler Brad','Brentwood Tennessee',29,6,4,1),(194,'Kawasaki Munenori','Brentwood Tennessee',66,4,5,1),(195,'Bryant Kris','Brentwood Tennessee',17,5,5,1),(196,'Rizzo Anthony','Brentwood Tennessee',44,2,5,1),(197,'Kalish Ryan','Brentwood Tennessee',51,7,5,1),(198,'Contreras Wilson','Brentwood Tennessee',40,1,5,1),(199,'Almora Jr. Albert','Brentwood Tennessee',5,8,5,1),(200,'Fowler Dexter','Brentwood Tennessee',24,8,5,1),(201,'Baez Javier','Brentwood Tennessee',9,3,5,1),(202,'Zobrist Ben','Brentwood Tennessee',18,3,5,1),(203,'La Stella Tommy','Brentwood Tennessee',2,5,5,1),(204,'Arrieta Jake','Brentwood Tennessee',49,6,5,1),(205,'Szczur Matt','Brentwood Tennessee',20,7,5,1),(206,'Coghlan Chris','Brentwood Tennessee',8,7,5,1),(207,'Hammel Jason','Brentwood Tennessee',39,6,5,1),(208,'Russell Addison','Brentwood Tennessee',27,4,5,1),(209,'Soler Jorge','Brentwood Tennessee',68,7,5,1),(210,'Heyward Jason','Brentwood Tennessee',22,9,5,1),(211,'Ross David','Brentwood Tennessee',3,1,5,1),(212,'Montero Miguel','Brentwood Tennessee',47,1,5,1),(213,'Federowicz Tim','Brentwood Tennessee',15,1,5,1),(214,'Wood Travis','Brentwood Tennessee',37,6,5,1),(215,'Hendricks Kyle','Brentwood Tennessee',28,6,5,1),(216,'Cahill Trevor','Brentwood Tennessee',53,6,5,1),(217,'Lester Jon','Brentwood Tennessee',34,6,5,1),(218,'Lackey John','Brentwood Tennessee',41,6,5,1),(219,'Candelario Jeimer','Brentwood Tennessee',7,5,5,1),(220,'Montgomery Mike','Brentwood Tennessee',38,6,5,1),(221,'Buchanan Jake','Brentwood Tennessee',43,6,5,1),(222,'Edwards Jr. Carl','Brentwood Tennessee',6,6,5,1),(223,'Patton Spencer','Brentwood Tennessee',40,6,5,1),(224,'Peralta Joel','Brentwood Tennessee',62,6,5,1),(225,'Richard Clayton','Brentwood Tennessee',33,6,5,1),(226,'Rondon Hector','Brentwood Tennessee',56,6,5,1),(227,'Schwarber Kyle','Brentwood Tennessee',12,7,5,1),(228,'Strop Pedro','Brentwood Tennessee',46,6,5,1),(229,'Warren Adam','Brentwood Tennessee',43,6,5,1),(230,'Zastryzny Rob','Brentwood Tennessee',29,6,5,1),(231,'Chapman Aroldis','Brentwood Tennessee',54,6,5,1),(232,'Concepcion Gerardo','Brentwood Tennessee',50,6,5,1),(233,'Grimm Justin','Brentwood Tennessee',52,6,5,1),(234,'Matusz Brian','Brentwood Tennessee',15,6,5,1),(235,'Nathan Joe','Brentwood Tennessee',36,6,5,1),(236,'Pena Felix','Brentwood Tennessee',60,6,5,1),(237,'Ramirez Neil','Brentwood Tennessee',54,6,5,1),(238,'Smith Joe','Brentwood Tennessee',30,6,5,1),(239,'Albers Matt','Houston Texas',34,6,6,1),(240,'Davidson Matt','Yucaipa California',22,5,6,1),(241,'Tilson Charlie','Wilmette Illinois',24,8,6,1),(242,'Ranaudo Anthony','Freehold New Jersey',45,6,6,1),(243,'Cabrera Melky','Bajos de Haina Dominican Republic',53,7,6,1),(244,'Abreu Jose','Cruces Cuba',79,2,6,1),(245,'Eaton Adam','Springfield Ohio',1,9,6,1),(246,'Anderson Tim','Tuscaloosa Alabama',12,4,6,1),(247,'Saladino Tyler','San Diego California',18,3,6,1),(248,'Narvaez Omar','Maracay Venezuela',38,1,6,1),(249,'Morneau Justin','New Westminster Canada',44,11,6,1),(250,'Jackson Austin','Denton Texas',10,8,6,1),(251,'Shields James','Newhall California',25,6,6,1),(252,'Lawrie Brett','Langley Canada',15,3,6,1),(253,'Garcia Avisail','Anaco Edo Venezuela',26,9,6,1),(254,'Sands Jerry','Middletown New York',41,2,6,1),(255,'Garcia Leury','Santiago Dominican Republic',28,8,6,1),(256,'Frazier Todd','Point Pleasant New Jersey',21,5,6,1),(257,'Rollins Jimmy','Oakland California',7,4,6,1),(258,'Avila Alex','Hialeah Florida',31,1,6,1),(259,'Navarro Dioner','Caracas Venezuela',27,1,6,1),(260,'Sanchez Yolmer','Maracay Venezuela',5,3,6,1),(261,'Shuck J.B.','Westerville Ohio',20,8,6,1),(262,'Coats Jason','Dallas Texas',36,9,6,1),(263,'Sale Chris','Lakeland Florida',49,6,6,1),(264,'Sanchez Hector','Maracay Venezuela',29,1,6,1),(265,'Smith Kevan','Pittsburgh Pennsylvania',61,1,6,1),(266,'Gonzalez Miguel','Gudalajara Mexico',58,6,6,1),(267,'Latos Mat','Alexandria Virginia',38,6,6,1),(268,'Quintana Jose','Arjona Colombia',62,6,6,1),(269,'Rodon Carlos','Miami Florida',55,6,6,1),(270,'Beck Chris','Commerce Georgia',54,6,6,1),(271,'Duke Zach','Clifton Texas',33,6,6,1),(272,'Fulmer Carson','Lakeland Florida',51,6,6,1),(273,'Jennings Daniel','Berkeley California',43,6,6,1),(274,'Jones Nate','Butler Kentucky',65,6,6,1),(275,'Kahnle Tommy','Latham New York',48,6,6,1),(276,'Minaya Juan','Maimon Dominican Republic',67,6,6,1),(277,'Putnam Zach','Rochester Michigan',57,6,6,1),(278,'Robertson David','Birmingham Alabama',30,6,6,1),(279,'Smith Blake','Modesto California',68,6,6,1),(280,'Turner Jacob','St. Charles Missouri',29,6,6,1),(281,'Ynoa Michael','Puerto Plata Dominican Republic',66,6,6,1),(282,'Votto Joseph','Toronto Canada',19,2,7,1),(283,'Peraza Jose','Barinas Venezuela',9,3,7,1),(284,'Selsky Steven','Manhattan Beach California',51,9,7,1),(285,'Iribarren Hernan','Barquisimeto Venezuela',33,8,7,1),(286,'Phillips Brandon','Raleigh North Carolina',4,3,7,1),(287,'Bruce Jay','Beaumont Texas',32,9,7,1),(288,'Schebler Scott','Cedar Rapids Iowa',43,9,7,1),(289,'Hamilton Billy','Collins Mississippi',6,8,7,1),(290,'Barnhart Tucker','Indianapolis Indiana',16,1,7,1),(291,'De Jesus Jr. Ivan','Guaynabo Puerto Rico',3,4,7,1),(292,'Cozart Zachary','Memphis Tennessee',2,4,7,1),(293,'Suarez Eugenio','Puerto Ordaz Venezuela',7,5,7,1),(294,'Cabrera Ramon','Caracas Venezuela',37,1,7,1),(295,'Duvall Adam','Louisville Kentucky',23,7,7,1),(296,'Holt Tyler','Marion Indiana',40,8,7,1),(297,'Waldrop Kyle','Fort Myers Florida',44,9,7,1),(298,'Lorenzen Michael','Anaheim California',21,6,7,1),(299,'Adleman Tim','Staten Island New York',68,6,7,1),(300,'Renda Tony','Santa Rosa California',49,3,7,1),(301,'Smith Josh','Margate Florida',73,6,7,1),(302,'Pacheco Jordan','Albuquerque New Mexico',15,1,7,1),(303,'Mesoraco Devin','Punxsutawney Pennsylvania',39,1,7,1),(304,'DeSclafani Anthony','Freehold New Jersey',28,6,7,1),(305,'Finnegan Brandon','Fort Worth Texas',29,6,7,1),(306,'Bailey Homer','La Grange Texas',34,6,7,1),(307,'Iglesias Raisel','Isla de la Juventud Cuba',26,6,7,1),(308,'Simon Alfredo','Santiago Dominican Republic',31,6,7,1),(309,'Lamb John','La Palma California',47,6,7,1),(310,'Straily Daniel','Redlands California',58,6,7,1),(311,'Diaz Jose','La Romana Dominican Republic',70,6,7,1),(312,'Hayes Drew','McKenzie Tennessee',53,6,7,1),(313,'Kivlehan Patrick','Nyack New York',67,7,7,1),(314,'Lopez Rafael','Philadelphia Pennsylvania',31,1,7,1),(315,'Melville Tim','Alexandria Virginia',61,6,7,1),(316,'Morris A.J.','Houston Texas',62,6,7,1),(317,'Moscot Jon','Santa Monica California',46,6,7,1),(318,'Reed Cody','Memphis Tennessee',44,6,7,1),(319,'Sampson Keyvius','Gainesville Florida',48,6,7,1),(320,'Stephenson Robert','Martinez California',55,6,7,1),(321,'Wood Blake','Atlanta Georgia',36,6,7,1),(322,'Wright Daniel','Bartlett Tennessee',41,6,7,1),(323,'Cingrani Tony','New Lenox Illinois',52,6,7,1),(324,'Cotham Caleb','Mt. Juliet Tennessee',54,6,7,1),(325,'De Los Santos Abel','Puerto Plata Dominican Republic',62,6,7,1),(326,'Delabar Steve','Fort Knox Kentucky',56,6,7,1),(327,'Diaz Dayan','Cartagena Colombia',50,6,7,1),(328,'Hoover J.J.','Pittsburgh Pennsylvania',60,6,7,1),(329,'Magill Matt','Simi Valley California',60,6,7,1),(330,'Ohlendorf Ross','Austin Texas',27,6,7,1),(331,'Peralta Wandy','San Francisco de Macoris Dominican Republic',53,6,7,1),(332,'Ramirez J.C.','Managua Nicaragua',66,6,7,1),(333,'Somsen Layne','Yankton South Dakota',41,6,7,1),(334,'Tomlin J','Yankton South Dakota',41,6,8,1),(335,'Guyer B','Yankton South Dakota',41,7,8,1),(336,'Gonzalez E','Yankton South Dakota',41,4,8,1),(337,'Ramirez J','Yankton South Dakota',41,5,8,1),(338,'Lindor F','Yankton South Dakota',41,4,8,1),(339,'Naquin T','Yankton South Dakota',41,8,8,1),(340,'Chisenhall L','Yankton South Dakota',41,9,8,1),(341,'Kipnis J','Yankton South Dakota',41,3,8,1),(342,'Byrd M','Yankton South Dakota',41,9,8,1),(343,'Almonte A','Yankton South Dakota',41,7,8,1),(344,'Santana C','Yankton South Dakota',41,2,8,1),(345,'Kluber C','Yankton South Dakota',41,6,8,1),(346,'Davis R','Yankton South Dakota',41,8,8,1),(347,'Martinez M','Yankton South Dakota',41,3,8,1),(348,'Napoli M','Yankton South Dakota',41,2,8,1),(349,'Brantley M','Yankton South Dakota',41,7,8,1),(350,'Gimenez C','Yankton South Dakota',41,1,8,1),(351,'Crisp C','Yankton South Dakota',41,7,8,1),(352,'Uribe J','Yankton South Dakota',41,5,8,1),(353,'Perez R','Yankton South Dakota',41,1,8,1),(354,'Gomes Y','Yankton South Dakota',41,1,8,1),(355,'Cowgill C','Yankton South Dakota',41,9,8,1),(356,'Aguilar J','Yankton South Dakota',41,2,8,1),(357,'Bauer T','Yankton South Dakota',41,6,8,1),(358,'Clevinger M','Yankton South Dakota',41,6,8,1),(359,'Moore A','Yankton South Dakota',41,1,8,1),(360,'Salazar D','Yankton South Dakota',41,6,8,1),(361,'Allen C','Yankton South Dakota',41,6,8,1),(362,'Chamberlain J','Yankton South Dakota',41,6,8,1),(363,'Colon J','Yankton South Dakota',41,6,8,1),(364,'Crockett K','Yankton South Dakota',41,6,8,1),(365,'Gorzelanny T','Yankton South Dakota',41,6,8,1),(366,'Hunter T','Yankton South Dakota',41,6,8,1),(367,'Manship J','Yankton South Dakota',41,6,8,1),(368,'McAllister Z','Yankton South Dakota',41,6,8,1),(369,'Miller A','Yankton South Dakota',41,6,8,1),(370,'Otero D','Yankton South Dakota',41,6,8,1),(371,'Plutko A','Yankton South Dakota',41,6,8,1),(372,'Shaw B','Yankton South Dakota',41,6,8,1),(373,'Patterson J','Yankton South Dakota',41,9,9,1),(374,'LeMahieu D','Yankton South Dakota',41,3,9,1),(375,'Bergman C','Yankton South Dakota',41,6,9,1),(376,'Blackmon C','Yankton South Dakota',41,8,9,1),(377,'Dahl D','Yankton South Dakota',41,7,9,1),(378,'Gonzalez C','Yankton South Dakota',41,9,9,1),(379,'Arenado N','Yankton South Dakota',41,5,9,1),(380,'Reynolds M','Yankton South Dakota',41,2,9,1),(381,'Murphy T','Yankton South Dakota',41,1,9,1),(382,'Story T','Yankton South Dakota',41,4,9,1),(383,'Descalso D','Yankton South Dakota',41,2,9,1),(384,'Tapia R','Yankton South Dakota',41,8,9,1),(385,'Valaika P','Yankton South Dakota',41,5,9,1),(386,'Hundley N','Yankton South Dakota',41,1,9,1),(387,'Wolters T','Yankton South Dakota',41,1,9,1),(388,'Parra G','Yankton South Dakota',41,7,9,1),(389,'Garneau D','Yankton South Dakota',41,1,9,1),(390,'Barnes B','Yankton South Dakota',41,7,9,1),(391,'Raburn R','Yankton South Dakota',41,7,9,1),(392,'Adames C','Yankton South Dakota',41,4,9,1),(393,'Paulsen B','Yankton South Dakota',41,2,9,1),(394,'Cardullo S','Yankton South Dakota',41,10,9,1),(395,'Chatwood T','Yankton South Dakota',41,6,9,1),(396,'De La Rosa J','Yankton South Dakota',41,6,9,1),(397,'Rusin C','Yankton South Dakota',41,6,9,1),(398,'Gray J','Yankton South Dakota',41,6,9,1),(399,'Anderson T','Yankton South Dakota',41,6,9,1),(400,'Butler E','Yankton South Dakota',41,6,9,1),(401,'Bettis C','Yankton South Dakota',41,6,9,1),(402,'Germen G','Yankton South Dakota',41,6,9,1),(403,'Hoffman J','Yankton South Dakota',41,6,9,1),(404,'Lyles J','Yankton South Dakota',41,6,9,1),(405,'Marquez G','Yankton South Dakota',41,6,9,1),(406,'Miller J','Yankton South Dakota',41,6,9,1),(407,'Ynoa R','Yankton South Dakota',41,7,9,1),(408,'Carasiti M','Yankton South Dakota',41,6,9,1),(409,'Castro M','Yankton South Dakota',41,6,9,1),(410,'Estevez C','Yankton South Dakota',41,6,9,1),(411,'Flande Y','Yankton South Dakota',41,6,9,1),(412,'Gurka J','Yankton South Dakota',41,6,9,1),(413,'Hale D','Yankton South Dakota',41,6,9,1),(414,'Logan B','Yankton South Dakota',41,6,9,1),(415,'McGee J','Yankton South Dakota',41,6,9,1),(416,'Motte J','Yankton South Dakota',41,6,9,1),(417,'Oberg S','Yankton South Dakota',41,6,9,1),(418,'Ottavino A','Yankton South Dakota',41,6,9,1),(419,'Qualls C','Yankton South Dakota',41,6,9,1),(420,'Hicks J','Yankton South Dakota',41,2,10,1),(421,'Cabrera M','Yankton South Dakota',41,2,10,1),(422,'Maybin C','Yankton South Dakota',41,8,10,1),(423,'Martinez J','Yankton South Dakota',41,9,10,1),(424,'Martinez V','Yankton South Dakota',41,11,10,1),(425,'Kinsler I','Yankton South Dakota',41,3,10,1),(426,'Castellanos N','Yankton South Dakota',41,5,10,1),(427,'Moya S','Yankton South Dakota',41,9,10,1),(428,'Iglesias J','Yankton South Dakota',41,4,10,1),(429,'Aybar E','Yankton South Dakota',41,4,10,1),(430,'Zimmermann J','Yankton South Dakota',41,6,10,1),(431,'Upton J','Yankton South Dakota',41,7,10,1),(432,'Romine A','Yankton South Dakota',41,4,10,1),(433,'Collins T','Yankton South Dakota',41,9,10,1),(434,'McGehee C','Yankton South Dakota',41,5,10,1),(435,'McCann J','Yankton South Dakota',41,1,10,1),(436,'Jones J','Yankton South Dakota',41,8,10,1),(437,'Aviles M','Yankton South Dakota',41,4,10,1),(438,'Gose A','Yankton South Dakota',41,8,10,1),(439,'Presley A','Yankton South Dakota',41,7,10,1),(440,'Verlander J','Yankton South Dakota',41,6,10,1),(441,'Saltalamacchia J','Yankton South Dakota',41,1,10,1),(442,'Wilson B','Yankton South Dakota',41,1,10,1),(443,'Machado D','Yankton South Dakota',41,3,10,1),(444,'Fulmer M','Yankton South Dakota',41,6,10,1),(445,'Greene S','Yankton South Dakota',41,6,10,1),(446,'Norris D','Yankton South Dakota',41,6,10,1),(447,'Sanchez A','Yankton South Dakota',41,6,10,1),(448,'Kensing L','Yankton South Dakota',41,6,10,1),(449,'Lowe M','Yankton South Dakota',41,6,10,1),(450,'Rodriguez F','Yankton South Dakota',41,6,10,1),(451,'Rondon B','Yankton South Dakota',41,6,10,1),(452,'Ryan K','Yankton South Dakota',41,6,10,1),(453,'VerHagen D','Yankton South Dakota',41,6,10,1),(454,'Wilson A','Yankton South Dakota',41,6,10,1),(455,'Wilson J','Yankton South Dakota',41,6,10,1),(456,'Altuve J','Yankton South Dakota',41,3,11,1),(457,'McCullers Jr. L','Yankton South Dakota',41,6,11,1),(458,'Correa C','Yankton South Dakota',41,4,11,1),(459,'Bregman A','Yankton South Dakota',41,5,11,1),(460,'Gurriel Y','Yankton South Dakota',41,2,11,1),(461,'Springer G','Yankton South Dakota',41,9,11,1),(462,'Valbuena L','Yankton South Dakota',41,5,11,1),(463,'Gonzalez M','Yankton South Dakota',41,7,11,1),(464,'Gattis E','Yankton South Dakota',41,1,11,1),(465,'Hernandez T','Yankton South Dakota',41,7,11,1),(466,'White T','Yankton South Dakota',41,2,11,1),(467,'Kemp T','Yankton South Dakota',41,7,11,1),(468,'Gomez C','Yankton South Dakota',41,8,11,1),(469,'Castro J','Yankton South Dakota',41,1,11,1),(470,'Marisnick J','Yankton South Dakota',41,8,11,1),(471,'Rasmus C','Yankton South Dakota',41,7,11,1),(472,'Fister D','Yankton South Dakota',41,6,11,1),(473,'Worth D','Yankton South Dakota',41,3,11,1),(474,'Tucker P','Yankton South Dakota',41,7,11,1),(475,'Reed A','Yankton South Dakota',41,2,11,1),(476,'Moran C','Yankton South Dakota',41,5,11,1),(477,'Stassi M','Yankton South Dakota',41,1,11,1),(478,'Kratz E','Yankton South Dakota',41,1,11,1),(479,'Duffy M','Yankton South Dakota',41,5,11,1),(480,'Feldman S','Yankton South Dakota',41,6,11,1),(481,'Keuchel D','Yankton South Dakota',41,6,11,1),(482,'McHugh C','Yankton South Dakota',41,6,11,1),(483,'Devenski C','Yankton South Dakota',41,6,11,1),(484,'Feliz M','Yankton South Dakota',41,6,11,1),(485,'Fields J','Yankton South Dakota',41,6,11,1),(486,'Giles K','Yankton South Dakota',41,6,11,1),(487,'Gregerson L','Yankton South Dakota',41,6,11,1),(488,'Harris W','Yankton South Dakota',41,6,11,1),(489,'Hoyt J','Yankton South Dakota',41,6,11,1),(490,'Musgrove J','Yankton South Dakota',41,6,11,1),(491,'Neshek P','Yankton South Dakota',41,6,11,1),(492,'Peacock B','Yankton South Dakota',41,6,11,1),(493,'Sipp T','Yankton South Dakota',41,6,11,1),(494,'Ventura Y','Yankton South Dakota',41,6,12,1),(495,'Fuentes R','Yankton South Dakota',41,9,12,1),(496,'Orlando P','Yankton South Dakota',41,9,12,1),(497,'Cain L','Yankton South Dakota',41,8,12,1),(498,'Butera D','Yankton South Dakota',41,1,12,1),(499,'Merrifield W','Yankton South Dakota',41,3,12,1),(500,'Dyson J','Yankton South Dakota',41,8,12,1),(501,'Cuthbert C','Yankton South Dakota',41,5,12,1),(502,'Hosmer E','Yankton South Dakota',41,2,12,1),(503,'Morales K','Yankton South Dakota',41,11,12,1),(504,'Escobar A','Yankton South Dakota',41,4,12,1),(505,'Perez S','Yankton South Dakota',41,1,12,1),(506,'Burns B','Yankton South Dakota',41,8,12,1),(507,'Moustakas M','Yankton South Dakota',41,5,12,1),(508,'Infante O','Yankton South Dakota',41,3,12,1),(509,'Colon C','Yankton South Dakota',41,3,12,1),(510,'Eibner B','Yankton South Dakota',41,8,12,1),(511,'Gordon A','Yankton South Dakota',41,7,12,1),(512,'Dozier H','Yankton South Dakota',41,5,12,1),(513,'Duffy D','Yankton South Dakota',41,6,12,1),(514,'Mondesi R','Yankton South Dakota',41,3,12,1),(515,'Nava D','Yankton South Dakota',41,7,12,1),(516,'Cruz T','Yankton South Dakota',41,1,12,1),(517,'Gee D','Yankton South Dakota',41,6,12,1),(518,'Gore T','Yankton South Dakota',41,10,12,1),(519,'Kennedy I','Yankton South Dakota',41,6,12,1),(520,'Volquez E','Yankton South Dakota',41,6,12,1),(521,'Young C','Yankton South Dakota',41,6,12,1),(522,'Davis W','Yankton South Dakota',41,6,12,1),(523,'Flynn B','Yankton South Dakota',41,6,12,1),(524,'Herrera K','Yankton South Dakota',41,6,12,1),(525,'Hochevar L','Yankton South Dakota',41,6,12,1),(526,'Moylan P','Yankton South Dakota',41,6,12,1),(527,'Soria J','Yankton South Dakota',41,6,12,1),(528,'Strahm M','Yankton South Dakota',41,6,12,1),(529,'Wang C','Yankton South Dakota',41,6,12,1),(530,'Chacin J','Yankton South Dakota',41,6,13,1),(531,'Santiago H','Yankton South Dakota',41,6,13,1),(532,'Trout M','Yankton South Dakota',41,8,13,1),(533,'Escobar Y','Yankton South Dakota',41,5,13,1),(534,'Graterol J','Yankton South Dakota',41,1,13,1),(535,'Simmons A','Yankton South Dakota',41,4,13,1),(536,'Cron C','Yankton South Dakota',41,2,13,1),(537,'Calhoun K','Yankton South Dakota',41,9,13,1),(538,'Soto G','Yankton South Dakota',41,1,13,1),(539,'Pujols A','Yankton South Dakota',41,11,13,1),(540,'Giavotella J','Yankton South Dakota',41,3,13,1),(541,'Marte J','Yankton South Dakota',41,2,13,1),(542,'Petit G','Yankton South Dakota',41,3,13,1),(543,'Nava D','Yankton South Dakota',41,7,13,1),(544,'Bandy J','Yankton South Dakota',41,1,13,1),(545,'Ortega R','Yankton South Dakota',41,7,13,1),(546,'Pennington C','Yankton South Dakota',41,3,13,1),(547,'Perez C','Yankton South Dakota',41,1,13,1),(548,'Buss N','Yankton South Dakota',41,7,13,1),(549,'Cowart K','Yankton South Dakota',41,5,13,1),(550,'Robinson S','Yankton South Dakota',41,7,13,1),(551,'Choi J','Yankton South Dakota',41,2,13,1),(552,'Cunningham T','Yankton South Dakota',41,8,13,1),(553,'Gentry C','Yankton South Dakota',41,7,13,1),(554,'Ryan B','Yankton South Dakota',41,4,13,1),(555,'Alvarez J','Yankton South Dakota',41,6,13,1),(556,'Nolasco R','Yankton South Dakota',41,6,13,1),(557,'Shoemaker M','Yankton South Dakota',41,6,13,1),(558,'Tropeano N','Yankton South Dakota',41,6,13,1),(559,'Weaver J','Yankton South Dakota',41,6,13,1),(560,'Achter A','Yankton South Dakota',41,6,13,1),(561,'Bedrosian C','Yankton South Dakota',41,6,13,1),(562,'Guerra D','Yankton South Dakota',41,6,13,1),(563,'Guerra J','Yankton South Dakota',41,6,13,1),(564,'Mahle G','Yankton South Dakota',41,6,13,1),(565,'Morin M','Yankton South Dakota',41,6,13,1),(566,'Ramirez J','Yankton South Dakota',41,6,13,1),(567,'Rasmus C','Yankton South Dakota',41,6,13,1),(568,'Salas F','Yankton South Dakota',41,6,13,1),(569,'Smith J','Yankton South Dakota',41,6,13,1),(570,'Street H','Yankton South Dakota',41,6,13,1),(571,'Hatcher C','Yankton South Dakota',41,6,14,1),(572,'Toles A','Yankton South Dakota',41,7,14,1),(573,'Seager C','Yankton South Dakota',41,4,14,1),(574,'Culberson C','Yankton South Dakota',41,4,14,1),(575,'Gonzalez A','Yankton South Dakota',41,2,14,1),(576,'Ruiz C','Yankton South Dakota',41,1,14,1),(577,'Turner J','Yankton South Dakota',41,5,14,1),(578,'Norris B','Yankton South Dakota',41,6,14,1),(579,'Puig Y','Yankton South Dakota',41,9,14,1),(580,'Reddick J','Yankton South Dakota',41,9,14,1),(581,'Kendrick H','Yankton South Dakota',41,7,14,1),(582,'Utley C','Yankton South Dakota',41,3,14,1),(583,'Wood A','Yankton South Dakota',41,6,14,1),(584,'Pederson J','Yankton South Dakota',41,8,14,1),(585,'Segedin R','Yankton South Dakota',41,2,14,1),(586,'Grandal Y','Yankton South Dakota',41,1,14,1),(587,'Van Slyke S','Yankton South Dakota',41,7,14,1),(588,'Thompson T','Yankton South Dakota',41,7,14,1),(589,'Ethier A','Yankton South Dakota',41,9,14,1),(590,'Taylor C','Yankton South Dakota',41,5,14,1),(591,'Ellis A','Yankton South Dakota',41,1,14,1),(592,'Hernandez E','Yankton South Dakota',41,8,14,1),(593,'Crawford C','Yankton South Dakota',41,7,14,1),(594,'Kershaw C','Yankton South Dakota',41,6,14,1),(595,'Johnson M','Yankton South Dakota',41,3,14,1),(596,'Barnes A','Yankton South Dakota',41,1,14,1),(597,'Urias J','Yankton South Dakota',41,6,14,1),(598,'Maeda K','Yankton South Dakota',41,6,14,1),(599,'Kazmir S','Yankton South Dakota',41,6,14,1),(600,'Stewart B','Yankton South Dakota',41,6,14,1),(601,'Stripling R','Yankton South Dakota',41,6,14,1),(602,'Venable W','Yankton South Dakota',41,8,14,1),(603,'Anderson B','Yankton South Dakota',41,6,14,1),(604,'Baez P','Yankton South Dakota',41,6,14,1),(605,'Bolsinger M','Yankton South Dakota',41,6,14,1),(606,'Dayton G','Yankton South Dakota',41,6,14,1),(607,'De Leon J','Yankton South Dakota',41,6,14,1),(608,'Fields J','Yankton South Dakota',41,6,14,1),(609,'Frias C','Yankton South Dakota',41,6,14,1),(610,'Hill R','Yankton South Dakota',41,6,14,1),(611,'Howell J','Yankton South Dakota',41,6,14,1),(612,'McCarthy B','Yankton South Dakota',41,6,14,1),(613,'Ryu H','Yankton South Dakota',41,6,14,1),(614,'Tepesch N','Yankton South Dakota',41,6,14,1),(615,'Walters Z','Yankton South Dakota',41,7,14,1),(616,'Avilan L','Yankton South Dakota',41,6,14,1),(617,'Blanton J','Yankton South Dakota',41,6,14,1),(618,'Chavez J','Yankton South Dakota',41,6,14,1),(619,'Coleman L','Yankton South Dakota',41,6,14,1),(620,'Fien C','Yankton South Dakota',41,6,14,1),(621,'Garcia Y','Yankton South Dakota',41,6,14,1),(622,'Jansen K','Yankton South Dakota',41,6,14,1),(623,'Liberatore A','Yankton South Dakota',41,6,14,1),(624,'Ravin J','Yankton South Dakota',41,6,14,1),(625,'Tsao C','Yankton South Dakota',41,6,14,1),(626,'Ege C','Yankton South Dakota',41,6,15,1),(627,'Perez Y','Yankton South Dakota',41,4,15,1),(628,'Telis T','Yankton South Dakota',41,1,15,1),(629,'Prado M','Yankton South Dakota',41,5,15,1),(630,'Realmuto J','Yankton South Dakota',41,1,15,1),(631,'Yelich C','Yankton South Dakota',41,8,15,1),(632,'Andino R','Yankton South Dakota',41,3,15,1),(633,'Suzuki I','Yankton South Dakota',41,9,15,1),(634,'Francoeur J','Yankton South Dakota',41,7,15,1),(635,'Dietrich D','Yankton South Dakota',41,5,15,1),(636,'Gordon D','Yankton South Dakota',41,3,15,1),(637,'Ozuna M','Yankton South Dakota',41,7,15,1),(638,'Bour J','Yankton South Dakota',41,2,15,1),(639,'Fernandez J','Yankton South Dakota',41,6,15,1),(640,'Rojas M','Yankton South Dakota',41,5,15,1),(641,'Hood D','Yankton South Dakota',41,7,15,1),(642,'Stanton G','Yankton South Dakota',41,9,15,1),(643,'Mathis J','Yankton South Dakota',41,1,15,1),(644,'Hechavarria A','Yankton South Dakota',41,4,15,1),(645,'Gillespie C','Yankton South Dakota',41,8,15,1),(646,'Johnson C','Yankton South Dakota',41,2,15,1),(647,'Scruggs X','Yankton South Dakota',41,2,15,1),(648,'Esch J','Yankton South Dakota',41,6,15,1),(649,'Cashner A','Yankton South Dakota',41,6,15,1),(650,'Phelps D','Yankton South Dakota',41,6,15,1),(651,'Urena J','Yankton South Dakota',41,6,15,1),(652,'Cosart J','Yankton South Dakota',41,6,15,1),(653,'Kelly D','Yankton South Dakota',41,2,15,1),(654,'Conley A','Yankton South Dakota',41,6,15,1),(655,'Koehler T','Yankton South Dakota',41,6,15,1),(656,'Nicolino J','Yankton South Dakota',41,6,15,1),(657,'Arcia O','Yankton South Dakota',41,7,15,1),(658,'Barraclough K','Yankton South Dakota',41,6,15,1),(659,'Chen W','Yankton South Dakota',41,6,15,1),(660,'Clemens P','Yankton South Dakota',41,6,15,1),(661,'Ellington B','Yankton South Dakota',41,6,15,1),(662,'Flores K','Yankton South Dakota',41,6,15,1),(663,'McGowan D','Yankton South Dakota',41,6,15,1),(664,'Morris B','Yankton South Dakota',41,6,15,1),(665,'Narveson C','Yankton South Dakota',41,6,15,1),(666,'Breslow C','Yankton South Dakota',41,6,15,1),(667,'Brice A','Yankton South Dakota',41,6,15,1),(668,'Cervenka H','Yankton South Dakota',41,6,15,1),(669,'Despaigne O','Yankton South Dakota',41,6,15,1),(670,'Dunn M','Yankton South Dakota',41,6,15,1),(671,'Hall C','Yankton South Dakota',41,6,15,1),(672,'Jackson E','Yankton South Dakota',41,6,15,1),(673,'Ogando N','Yankton South Dakota',41,6,15,1),(674,'Ramos A','Yankton South Dakota',41,6,15,1),(675,'Rea C','Yankton South Dakota',41,6,15,1),(676,'Rodney F','Yankton South Dakota',41,6,15,1),(677,'Wittgren N','Yankton South Dakota',41,6,15,1),(678,'Braun R','Yankton South Dakota',41,7,16,1),(679,'Lucroy J','Yankton South Dakota',41,1,16,1),(680,'Villar J','Yankton South Dakota',41,3,16,1),(681,'Hill A','Yankton South Dakota',41,5,16,1),(682,'Perez H','Yankton South Dakota',41,7,16,1),(683,'Gennett S','Yankton South Dakota',41,3,16,1),(684,'Santana D','Yankton South Dakota',41,9,16,1),(685,'Pina M','Yankton South Dakota',41,1,16,1),(686,'Cravy T','Yankton South Dakota',41,6,16,1),(687,'Broxton K','Yankton South Dakota',41,8,16,1),(688,'Susac A','Yankton South Dakota',41,1,16,1),(689,'Guerra J','Yankton South Dakota',41,6,16,1),(690,'Carter C','Yankton South Dakota',41,2,16,1),(691,'Arcia O','Yankton South Dakota',41,4,16,1),(692,'Elmore J','Yankton South Dakota',41,7,16,1),(693,'Rivera Y','Yankton South Dakota',41,5,16,1),(694,'Nieuwenhuis K','Yankton South Dakota',41,8,16,1),(695,'Flores R','Yankton South Dakota',41,8,16,1),(696,'Maldonado M','Yankton South Dakota',41,1,16,1),(697,'Presley A','Yankton South Dakota',41,9,16,1),(698,'Reed M','Yankton South Dakota',41,8,16,1),(699,'Peralta W','Yankton South Dakota',41,6,16,1),(700,'Jungmann T','Yankton South Dakota',41,6,16,1),(701,'Wilkins A','Yankton South Dakota',41,9,16,1),(702,'Middlebrooks W','Yankton South Dakota',41,5,16,1),(703,'Davies Z','Yankton South Dakota',41,6,16,1),(704,'Anderson C','Yankton South Dakota',41,6,16,1),(705,'Walsh C','Yankton South Dakota',41,5,16,1),(706,'Nelson J','Yankton South Dakota',41,6,16,1),(707,'Garza M','Yankton South Dakota',41,6,16,1),(708,'Boyer B','Yankton South Dakota',41,6,16,1),(709,'Marinez J','Yankton South Dakota',41,6,16,1),(710,'Pinto J','Yankton South Dakota',41,1,16,1),(711,'Suter B','Yankton South Dakota',41,6,16,1),(712,'Barnes J','Yankton South Dakota',41,6,16,1),(713,'Blazek M','Yankton South Dakota',41,6,16,1),(714,'Capuano C','Yankton South Dakota',41,6,16,1),(715,'Freeman S','Yankton South Dakota',41,6,16,1),(716,'Goforth D','Yankton South Dakota',41,6,16,1),(717,'Jeffress J','Yankton South Dakota',41,6,16,1),(718,'Kirkman M','Yankton South Dakota',41,6,16,1),(719,'Knebel C','Yankton South Dakota',41,6,16,1),(720,'Magnifico D','Yankton South Dakota',41,6,16,1),(721,'Pena A','Yankton South Dakota',41,6,16,1),(722,'Ramirez N','Yankton South Dakota',41,6,16,1),(723,'Rowen B','Yankton South Dakota',41,6,16,1),(724,'Scahill R','Yankton South Dakota',41,6,16,1),(725,'Smith W','Yankton South Dakota',41,6,16,1),(726,'Thornburg T','Yankton South Dakota',41,6,16,1),(727,'Torres C','Yankton South Dakota',41,6,16,1),(728,'Berrios J','Yankton South Dakota',41,6,17,1),(729,'Milone T','Yankton South Dakota',41,6,17,1),(730,'Nunez E','Yankton South Dakota',41,4,17,1),(731,'Polanco J','Yankton South Dakota',41,4,17,1),(732,'Grossman R','Yankton South Dakota',41,11,17,1),(733,'Rosario E','Yankton South Dakota',41,7,17,1),(734,'Dozier B','Yankton South Dakota',41,3,17,1),(735,'Centeno J','Yankton South Dakota',41,1,17,1),(736,'Mauer J','Yankton South Dakota',41,2,17,1),(737,'Plouffe T','Yankton South Dakota',41,5,17,1),(738,'Suzuki K','Yankton South Dakota',41,1,17,1),(739,'Santana D','Yankton South Dakota',41,7,17,1),(740,'Schafer L','Yankton South Dakota',41,9,17,1),(741,'Escobar E','Yankton South Dakota',41,5,17,1),(742,'Sano M','Yankton South Dakota',41,5,17,1),(743,'Kepler M','Yankton South Dakota',41,9,17,1),(744,'Vargas K','Yankton South Dakota',41,2,17,1),(745,'Beresford J','Yankton South Dakota',41,5,17,1),(746,'Buxton B','Yankton South Dakota',41,8,17,1),(747,'Arcia O','Yankton South Dakota',41,7,17,1),(748,'Park B','Yankton South Dakota',41,11,17,1),(749,'Murphy J','Yankton South Dakota',41,1,17,1),(750,'Abad F','Yankton South Dakota',41,6,17,1),(751,'Duffey T','Yankton South Dakota',41,6,17,1),(752,'Gibson K','Yankton South Dakota',41,6,17,1),(753,'Hughes P','Yankton South Dakota',41,6,17,1),(754,'Mastroianni D','Yankton South Dakota',41,9,17,1),(755,'Nolasco R','Yankton South Dakota',41,6,17,1),(756,'ORourke R','Yankton South Dakota',41,6,17,1),(757,'Santana E','Yankton South Dakota',41,6,17,1),(758,'Tonkin M','Yankton South Dakota',41,6,17,1),(759,'Boshers B','Yankton South Dakota',41,6,17,1),(760,'Chargois J','Yankton South Dakota',41,6,17,1),(761,'Dean P','Yankton South Dakota',41,6,17,1),(762,'Fien C','Yankton South Dakota',41,6,17,1),(763,'Jepsen K','Yankton South Dakota',41,6,17,1),(764,'Kintzler B','Yankton South Dakota',41,6,17,1),(765,'Light P','Yankton South Dakota',41,6,17,1),(766,'May T','Yankton South Dakota',41,6,17,1),(767,'Pressly R','Yankton South Dakota',41,6,17,1),(768,'Rogers T','Yankton South Dakota',41,6,17,1),(769,'Wimmers A','Yankton South Dakota',41,6,17,1),(770,'Ruggiano J','Yankton South Dakota',41,8,18,1),(771,'Cecchini G','Yankton South Dakota',41,4,18,1),(772,'Rivera T','Yankton South Dakota',41,3,18,1),(773,'Walker N','Yankton South Dakota',41,3,18,1),(774,'Cabrera A','Yankton South Dakota',41,4,18,1),(775,'Cespedes Y','Yankton South Dakota',41,8,18,1),(776,'Nimmo B','Yankton South Dakota',41,7,18,1),(777,'Johnson K','Yankton South Dakota',41,5,18,1),(778,'Flores W','Yankton South Dakota',41,5,18,1),(779,'Reyes J','Yankton South Dakota',41,5,18,1),(780,'Loney J','Yankton South Dakota',41,2,18,1),(781,'DArnaud T','Yankton South Dakota',41,1,18,1),(782,'Kelly T','Yankton South Dakota',41,5,18,1),(783,'Lagares J','Yankton South Dakota',41,8,18,1),(784,'Granderson C','Yankton South Dakota',41,8,18,1),(785,'Duda L','Yankton South Dakota',41,2,18,1),(786,'Wright D','Yankton South Dakota',41,5,18,1),(787,'Reynolds M','Yankton South Dakota',41,4,18,1),(788,'Rivera R','Yankton South Dakota',41,1,18,1),(789,'Conforto M','Yankton South Dakota',41,7,18,1),(790,'Bruce J','Yankton South Dakota',41,9,18,1),(791,'De Aza A','Yankton South Dakota',41,8,18,1),(792,'Plawecki K','Yankton South Dakota',41,1,18,1),(793,'Syndergaard N','Yankton South Dakota',41,6,18,1),(794,'Lugo S','Yankton South Dakota',41,6,18,1),(795,'Campbell E','Yankton South Dakota',41,2,18,1),(796,'DeGrom J','Yankton South Dakota',41,6,18,1),(797,'Matz S','Yankton South Dakota',41,6,18,1),(798,'Harvey M','Yankton South Dakota',41,6,18,1),(799,'Colon B','Yankton South Dakota',41,6,18,1),(800,'Gsellman R','Yankton South Dakota',41,6,18,1),(801,'Verrett L','Yankton South Dakota',41,6,18,1),(802,'Blevins J','Yankton South Dakota',41,6,18,1),(803,'Montero R','Yankton South Dakota',41,6,18,1),(804,'Robles H','Yankton South Dakota',41,6,18,1),(805,'Smoker J','Yankton South Dakota',41,6,18,1),(806,'Ynoa G','Yankton South Dakota',41,6,18,1),(807,'Bastardo A','Yankton South Dakota',41,6,18,1),(808,'Edgin J','Yankton South Dakota',41,6,18,1),(809,'Familia J','Yankton South Dakota',41,6,18,1),(810,'Gilmartin S','Yankton South Dakota',41,6,18,1),(811,'Goeddel E','Yankton South Dakota',41,6,18,1),(812,'Henderson J','Yankton South Dakota',41,6,18,1),(813,'Niese J','Yankton South Dakota',41,6,18,1),(814,'Reed A','Yankton South Dakota',41,6,18,1),(815,'Salas F','Yankton South Dakota',41,6,18,1),(816,'Parmelee C','Yankton South Dakota',41,2,19,1),(817,'Butler B','Yankton South Dakota',41,11,19,1),(818,'Beltran C','Yankton South Dakota',41,9,19,1),(819,'Sanchez G','Yankton South Dakota',41,1,19,1),(820,'Williams M','Yankton South Dakota',41,9,19,1),(821,'Gregorius D','Yankton South Dakota',41,4,19,1),(822,'Castro S','Yankton South Dakota',41,3,19,1),(823,'Ellsbury J','Yankton South Dakota',41,8,19,1),(824,'Gardner B','Yankton South Dakota',41,7,19,1),(825,'Torreyes R','Yankton South Dakota',41,5,19,1),(826,'Headley C','Yankton South Dakota',41,5,19,1),(827,'Refsnyder R','Yankton South Dakota',41,2,19,1),(828,'McCann B','Yankton South Dakota',41,1,19,1),(829,'Romine A','Yankton South Dakota',41,1,19,1),(830,'Austin T','Yankton South Dakota',41,2,19,1),(831,'Solano D','Yankton South Dakota',41,5,19,1),(832,'Hicks A','Yankton South Dakota',41,7,19,1),(833,'Davis I','Yankton South Dakota',41,2,19,1),(834,'Teixeira M','Yankton South Dakota',41,2,19,1),(835,'Rodriguez A','Yankton South Dakota',41,11,19,1),(836,'Judge A','Yankton South Dakota',41,9,19,1),(837,'Ackley D','Yankton South Dakota',41,9,19,1),(838,'Gamel B','Yankton South Dakota',41,9,19,1),(839,'Eovaldi N','Yankton South Dakota',41,6,19,1),(840,'Green C','Yankton South Dakota',41,6,19,1),(841,'Nova I','Yankton South Dakota',41,6,19,1),(842,'Pineda M','Yankton South Dakota',41,6,19,1),(843,'Sabathia C','Yankton South Dakota',41,6,19,1),(844,'Tanaka M','Yankton South Dakota',41,6,19,1),(845,'Young Jr. E','Yankton South Dakota',41,7,19,1),(846,'Betances D','Yankton South Dakota',41,6,19,1),(847,'Bleier R','Yankton South Dakota',41,6,19,1),(848,'Chapman A','Yankton South Dakota',41,6,19,1),(849,'Clippard T','Yankton South Dakota',41,6,19,1),(850,'Coke P','Yankton South Dakota',41,6,19,1),(851,'Goody N','Yankton South Dakota',41,6,19,1),(852,'Miller A','Yankton South Dakota',41,6,19,1),(853,'Mullee C','Yankton South Dakota',41,6,19,1),(854,'Shreve C','Yankton South Dakota',41,6,19,1),(855,'Swarzak A','Yankton South Dakota',41,6,19,1),(856,'Warren A','Yankton South Dakota',41,6,19,1),(857,'Yates K','Yankton South Dakota',41,6,19,1),(858,'Healy R','Yankton South Dakota',41,5,20,1),(859,'Reddick J','Yankton South Dakota',41,9,20,1),(860,'Valencia D','Yankton South Dakota',41,5,20,1),(861,'Maxwell B','Yankton South Dakota',41,1,20,1),(862,'Butler B','Yankton South Dakota',41,11,20,1),(863,'Lowrie J','Yankton South Dakota',41,3,20,1),(864,'Wendle J','Yankton South Dakota',41,3,20,1),(865,'Phegley J','Yankton South Dakota',41,1,20,1),(866,'Alonso Y','Yankton South Dakota',41,2,20,1),(867,'Vogt S','Yankton South Dakota',41,1,20,1),(868,'Davis K','Yankton South Dakota',41,7,20,1),(869,'Smolinski J','Yankton South Dakota',41,8,20,1),(870,'Semien M','Yankton South Dakota',41,4,20,1),(871,'Pinder C','Yankton South Dakota',41,3,20,1),(872,'Crisp C','Yankton South Dakota',41,7,20,1),(873,'Burns B','Yankton South Dakota',41,8,20,1),(874,'Alcantara A','Yankton South Dakota',41,3,20,1),(875,'McBride M','Yankton South Dakota',41,1,20,1),(876,'Muncy M','Yankton South Dakota',41,3,20,1),(877,'Eibner B','Yankton South Dakota',41,9,20,1),(878,'Coghlan C','Yankton South Dakota',41,5,20,1),(879,'Nunez R','Yankton South Dakota',41,11,20,1),(880,'Canha M','Yankton South Dakota',41,2,20,1),(881,'Olson M','Yankton South Dakota',41,9,20,1),(882,'Ladendorf T','Yankton South Dakota',41,3,20,1),(883,'Detwiler R','Yankton South Dakota',41,6,20,1),(884,'Graveman K','Yankton South Dakota',41,6,20,1),(885,'Gray S','Yankton South Dakota',41,6,20,1),(886,'Hahn J','Yankton South Dakota',41,6,20,1),(887,'Lambo A','Yankton South Dakota',41,9,20,1),(888,'Madson R','Yankton South Dakota',41,6,20,1),(889,'Manaea S','Yankton South Dakota',41,6,20,1),(890,'Mengden D','Yankton South Dakota',41,6,20,1),(891,'Neal Z','Yankton South Dakota',41,6,20,1),(892,'Triggs A','Yankton South Dakota',41,6,20,1),(893,'Axford J','Yankton South Dakota',41,6,20,1),(894,'Coulombe D','Yankton South Dakota',41,6,20,1),(895,'Doolittle S','Yankton South Dakota',41,6,20,1),(896,'Dull R','Yankton South Dakota',41,6,20,1),(897,'Hendriks L','Yankton South Dakota',41,6,20,1),(898,'Rodriguez F','Yankton South Dakota',41,6,20,1),(899,'Rzepczynski M','Yankton South Dakota',41,6,20,1),(900,'Wendelken J','Yankton South Dakota',41,6,20,1),(901,'Ellis A','Yankton South Dakota',41,1,21,1),(902,'Hernandez C','Yankton South Dakota',41,3,21,1),(903,'Herrera O','Yankton South Dakota',41,8,21,1),(904,'Quinn R','Yankton South Dakota',41,7,21,1),(905,'Eflin Z','Yankton South Dakota',41,6,21,1),(906,'Ruiz C','Yankton South Dakota',41,1,21,1),(907,'Joseph T','Yankton South Dakota',41,2,21,1),(908,'Franco M','Yankton South Dakota',41,5,21,1),(909,'Blanco A','Yankton South Dakota',41,3,21,1),(910,'Rupp C','Yankton South Dakota',41,1,21,1),(911,'Bourjos P','Yankton South Dakota',41,9,21,1),(912,'Galvis F','Yankton South Dakota',41,4,21,1),(913,'Lough D','Yankton South Dakota',41,7,21,1),(914,'Paredes J','Yankton South Dakota',41,9,21,1),(915,'Asche C','Yankton South Dakota',41,7,21,1),(916,'Ruf D','Yankton South Dakota',41,2,21,1),(917,'Velasquez V','Yankton South Dakota',41,6,21,1),(918,'Altherr A','Yankton South Dakota',41,9,21,1),(919,'Howard R','Yankton South Dakota',41,2,21,1),(920,'Goeddel T','Yankton South Dakota',41,7,21,1),(921,'Hellickson J','Yankton South Dakota',41,6,21,1),(922,'Morton C','Yankton South Dakota',41,6,21,1),(923,'Oberholtzer B','Yankton South Dakota',41,6,21,1),(924,'Thompson J','Yankton South Dakota',41,6,21,1),(925,'Eickhoff J','Yankton South Dakota',41,6,21,1),(926,'Alfaro J','Yankton South Dakota',41,1,21,1),(927,'Featherston T','Yankton South Dakota',41,3,21,1),(928,'Burriss E','Yankton South Dakota',41,3,21,1),(929,'Morgan A','Yankton South Dakota',41,6,21,1),(930,'Asher A','Yankton South Dakota',41,6,21,1),(931,'Hunter C','Yankton South Dakota',41,7,21,1),(932,'Nola A','Yankton South Dakota',41,6,21,1),(933,'Gonzalez S','Yankton South Dakota',41,6,21,1),(934,'Herrmann F','Yankton South Dakota',41,6,21,1),(935,'Klein P','Yankton South Dakota',41,6,21,1),(936,'Murray C','Yankton South Dakota',41,6,21,1),(937,'Araujo E','Yankton South Dakota',41,6,21,1),(938,'Bailey A','Yankton South Dakota',41,6,21,1),(939,'Garcia L','Yankton South Dakota',41,6,21,1),(940,'Gomez J','Yankton South Dakota',41,6,21,1),(941,'Hernandez D','Yankton South Dakota',41,6,21,1),(942,'Hinojosa D','Yankton South Dakota',41,6,21,1),(943,'Mariot M','Yankton South Dakota',41,6,21,1),(944,'Neris H','Yankton South Dakota',41,6,21,1),(945,'Ramos E','Yankton South Dakota',41,6,21,1),(946,'Rodriguez J','Yankton South Dakota',41,6,21,1),(947,'Russell J','Yankton South Dakota',41,6,21,1),(948,'Schuster P','Yankton South Dakota',41,6,21,1),(949,'Stumpf D','Yankton South Dakota',41,6,21,1),(950,'Stallings J','Yankton South Dakota',41,1,22,1),(951,'Boscan W','Yankton South Dakota',41,6,22,1),(952,'Marte S','Yankton South Dakota',41,7,22,1),(953,'Frazier A','Yankton South Dakota',41,7,22,1),(954,'Liriano F','Yankton South Dakota',41,6,22,1),(955,'Harrison J','Yankton South Dakota',41,3,22,1),(956,'Bell J','Yankton South Dakota',41,2,22,1),(957,'Freese D','Yankton South Dakota',41,5,22,1),(958,'Rodriguez S','Yankton South Dakota',41,2,22,1),(959,'Jaso J','Yankton South Dakota',41,9,22,1),(960,'Cervelli F','Yankton South Dakota',41,1,22,1),(961,'Polanco G','Yankton South Dakota',41,7,22,1),(962,'Mercer J','Yankton South Dakota',41,4,22,1),(963,'McCutchen A','Yankton South Dakota',41,8,22,1),(964,'Kang J','Yankton South Dakota',41,5,22,1),(965,'Brault S','Yankton South Dakota',41,6,22,1),(966,'Joyce M','Yankton South Dakota',41,9,22,1),(967,'Hanson A','Yankton South Dakota',41,3,22,1),(968,'Fryer E','Yankton South Dakota',41,1,22,1),(969,'Stewart C','Yankton South Dakota',41,1,22,1),(970,'Florimon P','Yankton South Dakota',41,5,22,1),(971,'Cole G','Yankton South Dakota',41,6,22,1),(972,'Nicasio J','Yankton South Dakota',41,6,22,1),(973,'Figueroa C','Yankton South Dakota',41,3,22,1),(974,'Glasnow T','Yankton South Dakota',41,6,22,1),(975,'Nova I','Yankton South Dakota',41,6,22,1),(976,'Locke J','Yankton South Dakota',41,6,22,1),(977,'Kratz E','Yankton South Dakota',41,1,22,1),(978,'Niese J','Yankton South Dakota',41,6,22,1),(979,'Taillon J','Yankton South Dakota',41,6,22,1),(980,'Kuhl C','Yankton South Dakota',41,6,22,1),(981,'Rogers J','Yankton South Dakota',41,2,22,1),(982,'Vogelsong R','Yankton South Dakota',41,6,22,1),(983,'Caminero A','Yankton South Dakota',41,6,22,1),(984,'Diaz E','Yankton South Dakota',41,1,22,1),(985,'Hughes J','Yankton South Dakota',41,6,22,1),(986,'Hutchison D','Yankton South Dakota',41,6,22,1),(987,'LeBlanc W','Yankton South Dakota',41,6,22,1),(988,'Lobstein K','Yankton South Dakota',41,6,22,1),(989,'Moroff M','Yankton South Dakota',41,3,22,1),(990,'Morse M','Yankton South Dakota',41,2,22,1),(991,'Scahill R','Yankton South Dakota',41,6,22,1),(992,'Schugel A','Yankton South Dakota',41,6,22,1),(993,'Williams T','Yankton South Dakota',41,6,22,1),(994,'Bastardo A','Yankton South Dakota',41,6,22,1),(995,'Coke P','Yankton South Dakota',41,6,22,1),(996,'Feliz N','Yankton South Dakota',41,6,22,1),(997,'Luebke C','Yankton South Dakota',41,6,22,1),(998,'Marte K','Yankton South Dakota',41,6,22,1),(999,'Melancon M','Yankton South Dakota',41,6,22,1),(1000,'Partch C','Yankton South Dakota',41,6,22,1),(1001,'Phillips Z','Yankton South Dakota',41,6,22,1),(1002,'Rivero F','Yankton South Dakota',41,6,22,1),(1003,'Rondon J','Yankton South Dakota',41,6,22,1),(1004,'Watson T','Yankton South Dakota',41,6,22,1),(1005,'Renfroe H','Yankton South Dakota',41,9,23,1),(1006,'Jay J','Yankton South Dakota',41,8,23,1),(1007,'Sardinas L','Yankton South Dakota',41,5,23,1),(1008,'Solarte Y','Yankton South Dakota',41,3,23,1),(1009,'Sanchez H','Yankton South Dakota',41,2,23,1),(1010,'Kemp M','Yankton South Dakota',41,9,23,1),(1011,'Myers W','Yankton South Dakota',41,2,23,1),(1012,'Amarista A','Yankton South Dakota',41,5,23,1),(1013,'Dickerson A','Yankton South Dakota',41,7,23,1),(1014,'Upton Jr. M','Yankton South Dakota',41,7,23,1),(1015,'Kivlehan P','Yankton South Dakota',41,7,23,1),(1016,'Jankowski T','Yankton South Dakota',41,8,23,1),(1017,'Margot M','Yankton South Dakota',41,8,23,1),(1018,'Ramirez A','Yankton South Dakota',41,4,23,1),(1019,'Spangenberg C','Yankton South Dakota',41,3,23,1),(1020,'Rosales A','Yankton South Dakota',41,5,23,1),(1021,'Bethancourt C','Yankton South Dakota',41,1,23,1),(1022,'Jackson E','Yankton South Dakota',41,6,23,1),(1023,'Schimpf R','Yankton South Dakota',41,5,23,1),(1024,'Asuaje C','Yankton South Dakota',41,3,23,1),(1025,'Wallace B','Yankton South Dakota',41,5,23,1),(1026,'Norris D','Yankton South Dakota',41,1,23,1),(1027,'Shields J','Yankton South Dakota',41,6,23,1),(1028,'Blash J','Yankton South Dakota',41,9,23,1),(1029,'Cashner A','Yankton South Dakota',41,6,23,1),(1030,'Noonan N','Yankton South Dakota',41,4,23,1),(1031,'Pirela J','Yankton South Dakota',41,7,23,1),(1032,'Pomeranz D','Yankton South Dakota',41,6,23,1),(1033,'Weeks J','Yankton South Dakota',41,3,23,1),(1034,'Perdomo L','Yankton South Dakota',41,6,23,1),(1035,'Hedges A','Yankton South Dakota',41,1,23,1),(1036,'Rea C','Yankton South Dakota',41,6,23,1),(1037,'Rondon J','Yankton South Dakota',41,4,23,1),(1038,'Arcia O','Yankton South Dakota',41,7,23,1),(1039,'Cosart J','Yankton South Dakota',41,6,23,1),(1040,'Richard C','Yankton South Dakota',41,6,23,1),(1041,'Friedrich C','Yankton South Dakota',41,6,23,1),(1042,'Clemens P','Yankton South Dakota',41,6,23,1),(1043,'Erlin R','Yankton South Dakota',41,6,23,1),(1044,'Hand B','Yankton South Dakota',41,6,23,1),(1045,'Johnson E','Yankton South Dakota',41,6,23,1),(1046,'Ross T','Yankton South Dakota',41,6,23,1),(1047,'Vargas C','Yankton South Dakota',41,6,23,1),(1048,'Villanueva C','Yankton South Dakota',41,6,23,1),(1049,'Baumann B','Yankton South Dakota',41,6,23,1),(1050,'Buchter R','Yankton South Dakota',41,6,23,1),(1051,'Campos L','Yankton South Dakota',41,6,23,1),(1052,'Dominguez J','Yankton South Dakota',41,6,23,1),(1053,'Guerrero T','Yankton South Dakota',41,6,23,1),(1054,'Hessler K','Yankton South Dakota',41,6,23,1),(1055,'Kirkman M','Yankton South Dakota',41,6,23,1),(1056,'Maurer B','Yankton South Dakota',41,6,23,1),(1057,'Morrow B','Yankton South Dakota',41,6,23,1),(1058,'Quackenbush K','Yankton South Dakota',41,6,23,1),(1059,'Rodney F','Yankton South Dakota',41,6,23,1),(1060,'Smith J','Yankton South Dakota',41,6,23,1),(1061,'Thornton M','Yankton South Dakota',41,6,23,1),(1062,'Torres J','Yankton South Dakota',41,6,23,1),(1063,'Gearrin C','Yankton South Dakota',41,6,24,1),(1064,'Blach T','Yankton South Dakota',41,6,24,1),(1065,'Pena R','Yankton South Dakota',41,3,24,1),(1066,'Tomlinson K','Yankton South Dakota',41,3,24,1),(1067,'Pence H','Yankton South Dakota',41,9,24,1),(1068,'Posey B','Yankton South Dakota',41,1,24,1),(1069,'Pagan A','Yankton South Dakota',41,7,24,1),(1070,'Belt B','Yankton South Dakota',41,2,24,1),(1071,'Crawford B','Yankton South Dakota',41,4,24,1),(1072,'Nunez E','Yankton South Dakota',41,5,24,1),(1073,'Span D','Yankton South Dakota',41,8,24,1),(1074,'Gillaspie C','Yankton South Dakota',41,5,24,1),(1075,'Green G','Yankton South Dakota',41,3,24,1),(1076,'Hernandez G','Yankton South Dakota',41,7,24,1),(1077,'Adrianza E','Yankton South Dakota',41,4,24,1),(1078,'Duffy M','Yankton South Dakota',41,5,24,1),(1079,'Panik J','Yankton South Dakota',41,3,24,1),(1080,'Brown T','Yankton South Dakota',41,1,24,1),(1081,'Parker J','Yankton South Dakota',41,9,24,1),(1082,'Blanco G','Yankton South Dakota',41,9,24,1),(1083,'Williamson M','Yankton South Dakota',41,9,24,1),(1084,'Suarez A','Yankton South Dakota',41,6,24,1),(1085,'Bumgarner M','Yankton South Dakota',41,6,24,1),(1086,'Peavy J','Yankton South Dakota',41,6,24,1),(1087,'Samardzija J','Yankton South Dakota',41,6,24,1),(1088,'Tejada R','Yankton South Dakota',41,4,24,1),(1089,'Cueto J','Yankton South Dakota',41,6,24,1),(1090,'Cain M','Yankton South Dakota',41,6,24,1),(1091,'Moore M','Yankton South Dakota',41,6,24,1),(1092,'Beckham G','Yankton South Dakota',41,3,24,1),(1093,'Law D','Yankton South Dakota',41,6,24,1),(1094,'Lopez J','Yankton South Dakota',41,6,24,1),(1095,'Mazzaro V','Yankton South Dakota',41,6,24,1),(1096,'Okert S','Yankton South Dakota',41,6,24,1),(1097,'Stratton C','Yankton South Dakota',41,6,24,1),(1098,'Broadway M','Yankton South Dakota',41,6,24,1),(1099,'Casilla S','Yankton South Dakota',41,6,24,1),(1100,'Heston C','Yankton South Dakota',41,6,24,1),(1101,'Kontos G','Yankton South Dakota',41,6,24,1),(1102,'Nathan J','Yankton South Dakota',41,6,24,1),(1103,'Osich J','Yankton South Dakota',41,6,24,1),(1104,'Reynolds M','Yankton South Dakota',41,6,24,1),(1105,'Romo S','Yankton South Dakota',41,6,24,1),(1106,'Smith W','Yankton South Dakota',41,6,24,1),(1107,'Strickland H','Yankton South Dakota',41,6,24,1),(1108,'Sucre J','Yankton South Dakota',41,1,25,1),(1109,'Freeman M','Yankton South Dakota',41,3,25,1),(1110,'Taylor C','Yankton South Dakota',41,4,25,1),(1111,'Cano R','Yankton South Dakota',41,3,25,1),(1112,'Cruz N','Yankton South Dakota',41,11,25,1),(1113,'Aoki N','Yankton South Dakota',41,7,25,1),(1114,'Seager K','Yankton South Dakota',41,5,25,1),(1115,'Robertson D','Yankton South Dakota',41,7,25,1),(1116,'Marte K','Yankton South Dakota',41,4,25,1),(1117,'Lee D','Yankton South Dakota',41,2,25,1),(1118,'Heredia G','Yankton South Dakota',41,7,25,1),(1119,'Smith S','Yankton South Dakota',41,9,25,1),(1120,'Martin L','Yankton South Dakota',41,8,25,1),(1121,'Gutierrez F','Yankton South Dakota',41,9,25,1),(1122,'Lind A','Yankton South Dakota',41,2,25,1),(1123,'Romero S','Yankton South Dakota',41,9,25,1),(1124,'OMalley S','Yankton South Dakota',41,4,25,1),(1125,'Clevenger S','Yankton South Dakota',41,1,25,1),(1126,'Iannetta C','Yankton South Dakota',41,1,25,1),(1127,'Zunino M','Yankton South Dakota',41,1,25,1),(1128,'Gamel B','Yankton South Dakota',41,9,25,1),(1129,'Sardinas L','Yankton South Dakota',41,3,25,1),(1130,'Miley W','Yankton South Dakota',41,6,25,1),(1131,'Vogelbach D','Yankton South Dakota',41,2,25,1),(1132,'Diaz E','Yankton South Dakota',41,6,25,1),(1133,'Hernandez F','Yankton South Dakota',41,6,25,1),(1134,'Iwakuma H','Yankton South Dakota',41,6,25,1),(1135,'Karns N','Yankton South Dakota',41,6,25,1),(1136,'Paxton J','Yankton South Dakota',41,6,25,1),(1137,'Peralta J','Yankton South Dakota',41,6,25,1),(1138,'Benoit J','Yankton South Dakota',41,6,25,1),(1139,'Cishek S','Yankton South Dakota',41,6,25,1),(1140,'Johnson S','Yankton South Dakota',41,6,25,1),(1141,'Martin C','Yankton South Dakota',41,6,25,1),(1142,'Montgomery M','Yankton South Dakota',41,6,25,1),(1143,'Nuno V','Yankton South Dakota',41,6,25,1),(1144,'Rollins D','Yankton South Dakota',41,6,25,1),(1145,'Storen D','Yankton South Dakota',41,6,25,1),(1146,'Vincent N','Yankton South Dakota',41,6,25,1),(1147,'Wilhelmsen T','Yankton South Dakota',41,6,25,1),(1148,'Martinez J','Yankton South Dakota',41,2,26,1),(1149,'Weaver L','Yankton South Dakota',41,6,26,1),(1150,'Fryer E','Yankton South Dakota',41,1,26,1),(1151,'Molina Y','Yankton South Dakota',41,1,26,1),(1152,'Diaz A','Yankton South Dakota',41,4,26,1),(1153,'Garcia G','Yankton South Dakota',41,5,26,1),(1154,'Piscotty S','Yankton South Dakota',41,9,26,1),(1155,'Carpenter M','Yankton South Dakota',41,2,26,1),(1156,'Peralta J','Yankton South Dakota',41,5,26,1),(1157,'Adams M','Yankton South Dakota',41,7,26,1),(1158,'Holliday M','Yankton South Dakota',41,7,26,1),(1159,'Gyorko J','Yankton South Dakota',41,5,26,1),(1160,'Grichuk R','Yankton South Dakota',41,7,26,1),(1161,'Wong K','Yankton South Dakota',41,3,26,1),(1162,'Martinez C','Yankton South Dakota',41,6,26,1),(1163,'Hazelbaker J','Yankton South Dakota',41,7,26,1),(1164,'Pham T','Yankton South Dakota',41,8,26,1),(1165,'Moss B','Yankton South Dakota',41,2,26,1),(1166,'Wainwright A','Yankton South Dakota',41,6,26,1),(1167,'Rosario A','Yankton South Dakota',41,1,26,1),(1168,'Tejada R','Yankton South Dakota',41,4,26,1),(1169,'Garcia J','Yankton South Dakota',41,6,26,1),(1170,'Kelly C','Yankton South Dakota',41,1,26,1),(1171,'Pena B','Yankton South Dakota',41,1,26,1),(1172,'Leake M','Yankton South Dakota',41,6,26,1),(1173,'Reyes A','Yankton South Dakota',41,6,26,1),(1174,'Wacha M','Yankton South Dakota',41,6,26,1),(1175,'Bowman M','Yankton South Dakota',41,6,26,1),(1176,'Kiekhefer D','Yankton South Dakota',41,6,26,1),(1177,'Lyons T','Yankton South Dakota',41,6,26,1),(1178,'Maness S','Yankton South Dakota',41,6,26,1),(1179,'McKenry M','Yankton South Dakota',41,1,26,1),(1180,'Oh S','Yankton South Dakota',41,6,26,1),(1181,'Rosenthal T','Yankton South Dakota',41,6,26,1),(1182,'Williams J','Yankton South Dakota',41,6,26,1),(1183,'Broxton J','Yankton South Dakota',41,6,26,1),(1184,'Duke Z','Yankton South Dakota',41,6,26,1),(1185,'Mayers M','Yankton South Dakota',41,6,26,1),(1186,'Siegrist K','Yankton South Dakota',41,6,26,1),(1187,'Socolovich M','Yankton South Dakota',41,6,26,1),(1188,'Tuivailala S','Yankton South Dakota',41,6,26,1),(1189,'Pearce S','Yankton South Dakota',41,2,27,1),(1190,'Moore M','Yankton South Dakota',41,6,27,1),(1191,'Duffy M','Yankton South Dakota',41,4,27,1),(1192,'Longoria E','Yankton South Dakota',41,5,27,1),(1193,'Franklin N','Yankton South Dakota',41,7,27,1),(1194,'Forsythe L','Yankton South Dakota',41,3,27,1),(1195,'Arcia O','Yankton South Dakota',41,7,27,1),(1196,'Odorizzi J','Yankton South Dakota',41,6,27,1),(1197,'Shaffer R','Yankton South Dakota',41,5,27,1),(1198,'Beckham T','Yankton South Dakota',41,4,27,1),(1199,'Souza Jr. S','Yankton South Dakota',41,9,27,1),(1200,'Kiermaier K','Yankton South Dakota',41,8,27,1),(1201,'Ramirez A','Yankton South Dakota',41,4,27,1),(1202,'Dickerson C','Yankton South Dakota',41,7,27,1),(1203,'Miller B','Yankton South Dakota',41,3,27,1),(1204,'Guyer B','Yankton South Dakota',41,7,27,1),(1205,'Morrison L','Yankton South Dakota',41,2,27,1),(1206,'Wilson B','Yankton South Dakota',41,1,27,1),(1207,'Maile L','Yankton South Dakota',41,1,27,1),(1208,'Jennings D','Yankton South Dakota',41,7,27,1),(1209,'Mahtook M','Yankton South Dakota',41,7,27,1),(1210,'Conger H','Yankton South Dakota',41,1,27,1),(1211,'Motter T','Yankton South Dakota',41,4,27,1),(1212,'Casali C','Yankton South Dakota',41,1,27,1),(1213,'Decker J','Yankton South Dakota',41,8,27,1),(1214,'Querecuto J','Yankton South Dakota',41,5,27,1),(1215,'Andriese M','Yankton South Dakota',41,6,27,1),(1216,'Archer C','Yankton South Dakota',41,6,27,1),(1217,'Smyly D','Yankton South Dakota',41,6,27,1),(1218,'Snell B','Yankton South Dakota',41,6,27,1),(1219,'Cedeno X','Yankton South Dakota',41,6,27,1),(1220,'Colome A','Yankton South Dakota',41,6,27,1),(1221,'Eveland D','Yankton South Dakota',41,6,27,1),(1222,'Floro D','Yankton South Dakota',41,6,27,1),(1223,'Garton R','Yankton South Dakota',41,6,27,1),(1224,'Jepsen K','Yankton South Dakota',41,6,27,1),(1225,'Ramirez E','Yankton South Dakota',41,6,27,1),(1226,'Romero E','Yankton South Dakota',41,6,27,1),(1227,'Sturdevant T','Yankton South Dakota',41,6,27,1),(1228,'Holland D','Yankton South Dakota',41,6,28,1),(1229,'Darvish Y','Yankton South Dakota',41,6,28,1),(1230,'Perez M','Yankton South Dakota',41,6,28,1),(1231,'Andrus E','Yankton South Dakota',41,4,28,1),(1232,'Beltre A','Yankton South Dakota',41,5,28,1),(1233,'Stubbs D','Yankton South Dakota',41,8,28,1),(1234,'Desmond I','Yankton South Dakota',41,8,28,1),(1235,'Gomez C','Yankton South Dakota',41,8,28,1),(1236,'Beltran C','Yankton South Dakota',41,11,28,1),(1237,'Lucroy J','Yankton South Dakota',41,1,28,1),(1238,'Nicholas B','Yankton South Dakota',41,1,28,1),(1239,'Odor R','Yankton South Dakota',41,3,28,1),(1240,'Mazara N','Yankton South Dakota',41,9,28,1),(1241,'Rua R','Yankton South Dakota',41,7,28,1),(1242,'Ruggiano J','Yankton South Dakota',41,9,28,1),(1243,'Wilson B','Yankton South Dakota',41,1,28,1),(1244,'Choo S','Yankton South Dakota',41,9,28,1),(1245,'Profar J','Yankton South Dakota',41,7,28,1),(1246,'Holaday B','Yankton South Dakota',41,1,28,1),(1247,'Moreland M','Yankton South Dakota',41,2,28,1),(1248,'Chirinos R','Yankton South Dakota',41,1,28,1),(1249,'Hoying J','Yankton South Dakota',41,8,28,1),(1250,'Fielder P','Yankton South Dakota',41,11,28,1),(1251,'DeShields D','Yankton South Dakota',41,7,28,1),(1252,'Alberto H','Yankton South Dakota',41,4,28,1),(1253,'Hamels C','Yankton South Dakota',41,6,28,1),(1254,'Gallo J','Yankton South Dakota',41,5,28,1),(1255,'Griffin A','Yankton South Dakota',41,6,28,1),(1256,'Martinez N','Yankton South Dakota',41,6,28,1),(1257,'Tolleson S','Yankton South Dakota',41,6,28,1),(1258,'Alvarez D','Yankton South Dakota',41,6,28,1),(1259,'Barnette T','Yankton South Dakota',41,6,28,1),(1260,'Bush M','Yankton South Dakota',41,6,28,1),(1261,'Claudio A','Yankton South Dakota',41,6,28,1),(1262,'Diekman J','Yankton South Dakota',41,6,28,1),(1263,'Dyson S','Yankton South Dakota',41,6,28,1),(1264,'Jeffress J','Yankton South Dakota',41,6,28,1),(1265,'Kela K','Yankton South Dakota',41,6,28,1),(1266,'Leclerc J','Yankton South Dakota',41,6,28,1),(1267,'Ramos C','Yankton South Dakota',41,6,28,1),(1268,'Travis D','Yankton South Dakota',41,3,29,1),(1269,'Happ J','Yankton South Dakota',41,6,29,1),(1270,'Donaldson J','Yankton South Dakota',41,5,29,1),(1271,'Barney D','Yankton South Dakota',41,3,29,1),(1272,'Paredes J','Yankton South Dakota',41,5,29,1),(1273,'Pillar K','Yankton South Dakota',41,8,29,1),(1274,'Encarnacion E','Yankton South Dakota',41,11,29,1),(1275,'Tulowitzki T','Yankton South Dakota',41,4,29,1),(1276,'Saunders M','Yankton South Dakota',41,7,29,1),(1277,'Carrera E','Yankton South Dakota',41,7,29,1),(1278,'Bautista J','Yankton South Dakota',41,9,29,1),(1279,'Martin R','Yankton South Dakota',41,1,29,1),(1280,'Smoak J','Yankton South Dakota',41,2,29,1),(1281,'Lake J','Yankton South Dakota',41,9,29,1),(1282,'Upton Jr. M','Yankton South Dakota',41,7,29,1),(1283,'Goins R','Yankton South Dakota',41,4,29,1),(1284,'Navarro D','Yankton South Dakota',41,1,29,1),(1285,'Thole J','Yankton South Dakota',41,1,29,1),(1286,'Ceciliani D','Yankton South Dakota',41,7,29,1),(1287,'Colabello C','Yankton South Dakota',41,2,29,1),(1288,'Burns A','Yankton South Dakota',41,3,29,1),(1289,'Dickey R','Yankton South Dakota',41,6,29,1),(1290,'Dominguez M','Yankton South Dakota',41,5,29,1),(1291,'Estrada M','Yankton South Dakota',41,6,29,1),(1292,'Floyd G','Yankton South Dakota',41,6,29,1),(1293,'Pompey D','Yankton South Dakota',41,8,29,1),(1294,'Sanchez A','Yankton South Dakota',41,6,29,1),(1295,'Stroman M','Yankton South Dakota',41,6,29,1),(1296,'Benoit J','Yankton South Dakota',41,6,29,1),(1297,'Biagini J','Yankton South Dakota',41,6,29,1),(1298,'Cecil B','Yankton South Dakota',41,6,29,1),(1299,'Chavez J','Yankton South Dakota',41,6,29,1),(1300,'Girodo C','Yankton South Dakota',41,6,29,1),(1301,'Grilli J','Yankton South Dakota',41,6,29,1),(1302,'Morales F','Yankton South Dakota',41,6,29,1),(1303,'Osuna R','Yankton South Dakota',41,6,29,1),(1304,'Storen D','Yankton South Dakota',41,6,29,1),(1305,'Tepera R','Yankton South Dakota',41,6,29,1),(1306,'Perez O','Yankton South Dakota',41,6,30,1),(1307,'Murphy D','Yankton South Dakota',41,3,30,1),(1308,'Turner T','Yankton South Dakota',41,4,30,1),(1309,'Latos M','Yankton South Dakota',41,6,30,1),(1310,'Severino P','Yankton South Dakota',41,1,30,1),(1311,'Ramos W','Yankton South Dakota',41,1,30,1),(1312,'Goodwin B','Yankton South Dakota',41,9,30,1),(1313,'Difo W','Yankton South Dakota',41,4,30,1),(1314,'Rendon A','Yankton South Dakota',41,5,30,1),(1315,'Drew S','Yankton South Dakota',41,3,30,1),(1316,'Giolito L','Yankton South Dakota',41,6,30,1),(1317,'Ross J','Yankton South Dakota',41,6,30,1),(1318,'Werth J','Yankton South Dakota',41,7,30,1),(1319,'Harper B','Yankton South Dakota',41,9,30,1),(1320,'Robinson C','Yankton South Dakota',41,2,30,1),(1321,'Lobaton J','Yankton South Dakota',41,1,30,1),(1322,'Taylor M','Yankton South Dakota',41,8,30,1),(1323,'Zimmerman R','Yankton South Dakota',41,2,30,1),(1324,'Revere B','Yankton South Dakota',41,8,30,1),(1325,'Heisey C','Yankton South Dakota',41,7,30,1),(1326,'Espinosa D','Yankton South Dakota',41,4,30,1),(1327,'Strasburg S','Yankton South Dakota',41,6,30,1),(1328,'Scherzer M','Yankton South Dakota',41,6,30,1),(1329,'Den Dekker M','Yankton South Dakota',41,8,30,1),(1330,'Petit Y','Yankton South Dakota',41,6,30,1),(1331,'Gonzalez G','Yankton South Dakota',41,6,30,1),(1332,'Roark T','Yankton South Dakota',41,6,30,1),(1333,'Lopez R','Yankton South Dakota',41,6,30,1),(1334,'Belisle M','Yankton South Dakota',41,6,30,1),(1335,'Cole A','Yankton South Dakota',41,6,30,1),(1336,'Kelley S','Yankton South Dakota',41,6,30,1),(1337,'Rivero F','Yankton South Dakota',41,6,30,1),(1338,'Solis S','Yankton South Dakota',41,6,30,1),(1339,'Burnett S','Yankton South Dakota',41,6,30,1),(1340,'Glover K','Yankton South Dakota',41,6,30,1),(1341,'Gott T','Yankton South Dakota',41,6,30,1),(1342,'Grace M','Yankton South Dakota',41,6,30,1),(1343,'Kieboom S','Yankton South Dakota',41,1,30,1),(1344,'Martin R','Yankton South Dakota',41,6,30,1),(1345,'Melancon M','Yankton South Dakota',41,6,30,1),(1346,'Papelbon J','Yankton South Dakota',41,6,30,1),(1347,'Rzepczynski M','Yankton South Dakota',41,6,30,1),(1348,'Treinen B','Yankton South Dakota',41,6,30,1);
/*!40000 ALTER TABLE `players` ENABLE KEYS */;
UNLOCK TABLES;

--
-- Table structure for table `positions`
--

DROP TABLE IF EXISTS `positions`;
/*!40101 SET @saved_cs_client     = @@character_set_client */;
/*!40101 SET character_set_client = utf8 */;
CREATE TABLE `positions` (
  `id` int(11) NOT NULL AUTO_INCREMENT,
  `name` varchar(2) COLLATE utf8mb4_unicode_ci DEFAULT NULL,
  PRIMARY KEY (`id`),
  UNIQUE KEY `name` (`name`)
) ENGINE=InnoDB AUTO_INCREMENT=12 DEFAULT CHARSET=utf8mb4 COLLATE=utf8mb4_unicode_ci;
/*!40101 SET character_set_client = @saved_cs_client */;

--
-- Dumping data for table `positions`
--

LOCK TABLES `positions` WRITE;
/*!40000 ALTER TABLE `positions` DISABLE KEYS */;
INSERT INTO `positions` VALUES (2,'1B'),(3,'2B'),(5,'3B'),(1,'C'),(8,'CF'),(11,'DH'),(7,'LF'),(10,'OF'),(6,'P'),(9,'RF'),(4,'SS');
/*!40000 ALTER TABLE `positions` ENABLE KEYS */;
UNLOCK TABLES;

--
-- Table structure for table `salaries`
--

DROP TABLE IF EXISTS `salaries`;
/*!40101 SET @saved_cs_client     = @@character_set_client */;
/*!40101 SET character_set_client = utf8 */;
CREATE TABLE `salaries` (
  `id` int(11) NOT NULL AUTO_INCREMENT,
  `salary_amount` bigint(20) DEFAULT NULL,
  PRIMARY KEY (`id`)
) ENGINE=InnoDB AUTO_INCREMENT=2 DEFAULT CHARSET=utf8mb4 COLLATE=utf8mb4_unicode_ci;
/*!40101 SET character_set_client = @saved_cs_client */;

--
-- Dumping data for table `salaries`
--

LOCK TABLES `salaries` WRITE;
/*!40000 ALTER TABLE `salaries` DISABLE KEYS */;
INSERT INTO `salaries` VALUES (1,1000000);
/*!40000 ALTER TABLE `salaries` ENABLE KEYS */;
UNLOCK TABLES;

--
-- Table structure for table `teams`
--

DROP TABLE IF EXISTS `teams`;
/*!40101 SET @saved_cs_client     = @@character_set_client */;
/*!40101 SET character_set_client = utf8 */;
CREATE TABLE `teams` (
  `id` int(11) NOT NULL AUTO_INCREMENT,
  `name` varchar(80) COLLATE utf8mb4_unicode_ci DEFAULT NULL,
  `division_id` int(11) NOT NULL,
  `location` varchar(80) COLLATE utf8mb4_unicode_ci DEFAULT NULL,
  PRIMARY KEY (`id`),
  UNIQUE KEY `name` (`name`),
  KEY `division_id` (`division_id`),
  CONSTRAINT `teams_ibfk_1` FOREIGN KEY (`division_id`) REFERENCES `divisions` (`id`)
) ENGINE=InnoDB AUTO_INCREMENT=31 DEFAULT CHARSET=utf8mb4 COLLATE=utf8mb4_unicode_ci;
/*!40101 SET character_set_client = @saved_cs_client */;

--
-- Dumping data for table `teams`
--

LOCK TABLES `teams` WRITE;
/*!40000 ALTER TABLE `teams` DISABLE KEYS */;
INSERT INTO `teams` VALUES (1,'Arizona Diamondbacks',6,'Phoenix, Arizona'),(2,'Atlanta Braves',4,'Atlanta, Georgia'),(3,'Baltimore Orioles',1,'Baltimore, Maryland'),(4,'Boston Red Socks',1,'Boston, Massachusetts'),(5,'Chicago Cubs',5,'Chicago, Illinois'),(6,'Chicago White Sox',2,'Chicago, Illinois'),(7,'Cincinnati Reds',5,'Cincinnati, Ohio'),(8,'Cleveland Indians',2,'Cleveland, Ohio'),(9,'Colorado Rockies',6,'Denver, Colorado'),(10,'Detroit Tigers',2,'Detroit, Michigan'),(11,'Houston Astros',3,'Houston, Texas'),(12,'Kansas City Royals',2,'Kansas City, Missouri'),(13,'Los Angeles Angels of Anaheim',3,'Anaheim, California'),(14,'Los Angeles Dodgers',6,'Los Angeles, California'),(15,'Miami Marlins',4,'Miami, Florida'),(16,'Milwaukee Brewers',5,'Milwaukee, Wisconsin'),(17,'Minnesota Twins',2,'Minneapolis, Minnesota'),(18,'New York Mets',4,'Corona, New York'),(19,'New York Yankees',1,'Bronx, New York'),(20,'Oakland Athletics',3,'Oakland, California'),(21,'Philadelphia Phillies',4,'Philadelphia, Pennsylvania'),(22,'Pittsburgh Pirates',5,'Pittsburgh, Pennsylvania'),(23,'San Diego Padres',6,'San Diego, California'),(24,'San Francisco Giants',6,'San Francisco, California'),(25,'Seattle Mariners',3,'Seattle, Washington'),(26,'St. Louis Cardinals',5,'St. Louis, Missouri'),(27,'Tampa Bay Rays',1,'St. Petersburg, Florida'),(28,'Texas Rangers',3,'Arlington, Texas'),(29,'Toronto Blue Jays',1,'Toronto, Ontario, Canada'),(30,'Washington Nationals',4,'Washington, DC');
/*!40000 ALTER TABLE `teams` ENABLE KEYS */;
UNLOCK TABLES;
/*!40103 SET TIME_ZONE=@OLD_TIME_ZONE */;

/*!40101 SET SQL_MODE=@OLD_SQL_MODE */;
/*!40014 SET FOREIGN_KEY_CHECKS=@OLD_FOREIGN_KEY_CHECKS */;
/*!40014 SET UNIQUE_CHECKS=@OLD_UNIQUE_CHECKS */;
/*!40101 SET CHARACTER_SET_CLIENT=@OLD_CHARACTER_SET_CLIENT */;
/*!40101 SET CHARACTER_SET_RESULTS=@OLD_CHARACTER_SET_RESULTS */;
/*!40101 SET COLLATION_CONNECTION=@OLD_COLLATION_CONNECTION */;
/*!40111 SET SQL_NOTES=@OLD_SQL_NOTES */;

-- Dump completed on 2017-11-26 19:55:44

